base_id,text,domain,intent,description,base_split
order_cancel_b001,mera galti se order place ho gaya wala order cancel karna hai,Orders,order_cancel,Cancel an existing order,train
order_cancel_b002,pls please item ka plan change ho gaya; order ko stop kar sakte ho?,Orders,order_cancel,Cancel an existing order,test
order_cancel_b003,"mujhe galti se order place ho gaya, isliye order ab nahi chahiye?",Orders,order_cancel,Cancel an existing order,validation
order_cancel_b004,"Order place ho chuka hai, par item ka plan change ho gaya; cancel kar do",Orders,order_cancel,Cancel an existing order,train
order_cancel_b005,"mujhe lagta hai, can you cancel my order? Galti se order place ho gaya",Orders,order_cancel,Cancel an existing order,train
order_cancel_b006,"bhai order cancel karna hai, item ka plan change ho gaya",Orders,order_cancel,Cancel an existing order,validation
order_cancel_b007,pls mera abhi order ki zarurat nahi hai wala order cancel karna hai,Orders,order_cancel,Cancel an existing order,validation
order_cancel_b008,please price ab kam mil raha hai; order ko stop kar sakte ho??,Orders,order_cancel,Cancel an existing order,test
order_cancel_b009,"Mujhe abhi order ki zarurat nahi hai, isliye order ab nahi chahiye",Orders,order_cancel,Cancel an existing order,test
order_cancel_b010,"mujhe lagta hai, order place ho chuka hai, par price ab kam mil raha hai; cancel kar do",Orders,order_cancel,Cancel an existing order,train
order_cancel_b011,can you cancel my order? Abhi order ki zarurat nahi hai,Orders,order_cancel,Cancel an existing order,train
order_cancel_b012,"pls bhai order cancel karna hai, price ab kam mil raha hai",Orders,order_cancel,Cancel an existing order,train
order_cancel_b013,mera address sahi nahi hai wala order cancel karna hai?,Orders,order_cancel,Cancel an existing order,train
order_cancel_b014,Please delivery bahut late dikh rahi hai; order ko stop kar sakte ho?,Orders,order_cancel,Cancel an existing order,train
order_cancel_b015,"mujhe lagta hai, mujhe address sahi nahi hai, isliye order ab nahi chahiye",Orders,order_cancel,Cancel an existing order,test
order_cancel_b016,"order place ho chuka hai, par delivery bahut late dikh rahi hai; cancel kar do",Orders,order_cancel,Cancel an existing order,test
order_cancel_b017,pls can you cancel my order? Address sahi nahi hai,Orders,order_cancel,Cancel an existing order,train
order_cancel_b018,"bhai order cancel karna hai, delivery bahut late dikh rahi hai?",Orders,order_cancel,Cancel an existing order,test
order_cancel_b019,Mera item ka plan change ho gaya wala order cancel karna hai,Orders,order_cancel,Cancel an existing order,train
order_cancel_b020,"mujhe lagta hai, please galti se order place ho gaya; order ko stop kar sakte ho?",Orders,order_cancel,Cancel an existing order,train
order_cancel_b021,"mujhe item ka plan change ho gaya, isliye order ab nahi chahiye",Orders,order_cancel,Cancel an existing order,train
order_cancel_b022,"pls order place ho chuka hai, par galti se order place ho gaya; cancel kar do",Orders,order_cancel,Cancel an existing order,train
order_cancel_b023,can you cancel my order? Item ka plan change ho gaya?,Orders,order_cancel,Cancel an existing order,train
order_cancel_b024,"Bhai order cancel karna hai, galti se order place ho gaya",Orders,order_cancel,Cancel an existing order,train
order_cancel_b025,"mujhe lagta hai, mera price ab kam mil raha hai wala order cancel karna hai",Orders,order_cancel,Cancel an existing order,train
order_cancel_b026,please abhi order ki zarurat nahi hai; order ko stop kar sakte ho?,Orders,order_cancel,Cancel an existing order,train
order_cancel_b027,"pls mujhe price ab kam mil raha hai, isliye order ab nahi chahiye",Orders,order_cancel,Cancel an existing order,train
order_cancel_b028,"order place ho chuka hai, par abhi order ki zarurat nahi hai; cancel kar do?",Orders,order_cancel,Cancel an existing order,validation
order_cancel_b029,Can you cancel my order? price ab kam mil raha hai,Orders,order_cancel,Cancel an existing order,train
order_cancel_b030,"mujhe lagta hai, bhai order cancel karna hai, abhi order ki zarurat nahi hai",Orders,order_cancel,Cancel an existing order,train
order_cancel_b031,mera delivery bahut late dikh rahi hai; abhi order ki zarurat nahi hai wala order cancel karna hai,Orders,order_cancel,Cancel an existing order,train
order_cancel_b032,pls please address sahi nahi hai; galti se order place ho gaya; order ko stop kar sakte ho?,Orders,order_cancel,Cancel an existing order,train
order_cancel_b033,"mujhe delivery bahut late dikh rahi hai; delivery bahut late dikh rahi hai, isliye order ab nahi chahiye?",Orders,order_cancel,Cancel an existing order,train
order_cancel_b034,"Order place ho chuka hai, par address sahi nahi hai; price ab kam mil raha hai; cancel kar do",Orders,order_cancel,Cancel an existing order,train
order_cancel_b035,"mujhe lagta hai, can you cancel my order? Delivery bahut late dikh rahi hai; item ka plan change ho gaya",Orders,order_cancel,Cancel an existing order,validation
order_cancel_b036,"bhai order cancel karna hai, address sahi nahi hai; address sahi nahi hai",Orders,order_cancel,Cancel an existing order,train
order_cancel_b037,pls mera galti se order place ho gaya; abhi order ki zarurat nahi hai wala order cancel karna hai,Orders,order_cancel,Cancel an existing order,train
order_cancel_b038,please item ka plan change ho gaya; galti se order place ho gaya; order ko stop kar sakte ho??,Orders,order_cancel,Cancel an existing order,validation
order_cancel_b039,"Mujhe galti se order place ho gaya; delivery bahut late dikh rahi hai, isliye order ab nahi chahiye",Orders,order_cancel,Cancel an existing order,train
order_cancel_b040,"mujhe lagta hai, order place ho chuka hai, par item ka plan change ho gaya; price ab kam mil raha hai; cancel kar do",Orders,order_cancel,Cancel an existing order,train
order_cancel_b041,can you cancel my order? Galti se order place ho gaya; item ka plan change ho gaya,Orders,order_cancel,Cancel an existing order,test
order_cancel_b042,"pls bhai order cancel karna hai, item ka plan change ho gaya; address sahi nahi hai",Orders,order_cancel,Cancel an existing order,train
order_cancel_b043,mera abhi order ki zarurat nahi hai; abhi order ki zarurat nahi hai wala order cancel karna hai?,Orders,order_cancel,Cancel an existing order,train
order_cancel_b044,Please price ab kam mil raha hai; galti se order place ho gaya; order ko stop kar sakte ho?,Orders,order_cancel,Cancel an existing order,validation
order_cancel_b045,"mujhe lagta hai, mujhe abhi order ki zarurat nahi hai; delivery bahut late dikh rahi hai, isliye order ab nahi chahiye",Orders,order_cancel,Cancel an existing order,train
order_cancel_b046,"order place ho chuka hai, par price ab kam mil raha hai; price ab kam mil raha hai; cancel kar do",Orders,order_cancel,Cancel an existing order,train
order_cancel_b047,pls can you cancel my order? Abhi order ki zarurat nahi hai; item ka plan change ho gaya,Orders,order_cancel,Cancel an existing order,train
order_cancel_b048,"bhai order cancel karna hai, price ab kam mil raha hai; address sahi nahi hai?",Orders,order_cancel,Cancel an existing order,test
order_cancel_b049,Mera address sahi nahi hai; abhi order ki zarurat nahi hai wala order cancel karna hai,Orders,order_cancel,Cancel an existing order,train
order_cancel_b050,"mujhe lagta hai, please delivery bahut late dikh rahi hai; galti se order place ho gaya; order ko stop kar sakte ho?",Orders,order_cancel,Cancel an existing order,train
order_cancel_b051,"mujhe address sahi nahi hai; delivery bahut late dikh rahi hai, isliye order ab nahi chahiye",Orders,order_cancel,Cancel an existing order,train
order_cancel_b052,"pls order place ho chuka hai, par delivery bahut late dikh rahi hai; price ab kam mil raha hai; cancel kar do",Orders,order_cancel,Cancel an existing order,validation
order_cancel_b053,can you cancel my order? Address sahi nahi hai; item ka plan change ho gaya?,Orders,order_cancel,Cancel an existing order,train
order_cancel_b054,"Bhai order cancel karna hai, delivery bahut late dikh rahi hai; address sahi nahi hai",Orders,order_cancel,Cancel an existing order,train
order_cancel_b055,"mujhe lagta hai, mera item ka plan change ho gaya; abhi order ki zarurat nahi hai wala order cancel karna hai",Orders,order_cancel,Cancel an existing order,train
order_cancel_b056,please galti se order place ho gaya; galti se order place ho gaya; order ko stop kar sakte ho?,Orders,order_cancel,Cancel an existing order,train
order_cancel_b057,"pls mujhe item ka plan change ho gaya; delivery bahut late dikh rahi hai, isliye order ab nahi chahiye",Orders,order_cancel,Cancel an existing order,test
order_cancel_b058,"order place ho chuka hai, par galti se order place ho gaya; price ab kam mil raha hai; cancel kar do?",Orders,order_cancel,Cancel an existing order,validation
order_cancel_b059,Can you cancel my order? item ka plan change ho gaya; item ka plan change ho gaya,Orders,order_cancel,Cancel an existing order,train
order_cancel_b060,"mujhe lagta hai, bhai order cancel karna hai, galti se order place ho gaya; address sahi nahi hai",Orders,order_cancel,Cancel an existing order,train
order_status_b001,mera order kahan tak pahucha? order abhi tak nahi aaya,Orders,order_status,Check the status of an existing order,train
order_status_b002,"pls order ka current status check karna hai, kal tak chahiye tha",Orders,order_status,Check the status of an existing order,train
order_status_b003,please batao order dispatch hua ya nahi; order abhi tak nahi aaya?,Orders,order_status,Check the status of an existing order,validation
order_status_b004,Mera order kab tak aayega? kal tak chahiye tha,Orders,order_status,Check the status of an existing order,train
order_status_b005,"mujhe lagta hai, tracking mein clear update nahi hai, order abhi tak nahi aaya",Orders,order_status,Check the status of an existing order,validation
order_status_b006,order status dekh doge? kal tak chahiye tha,Orders,order_status,Check the status of an existing order,validation
order_status_b007,pls mera order kahan tak pahucha? status same hi pada hai,Orders,order_status,Check the status of an existing order,validation
order_status_b008,"order ka current status check karna hai, tracking update nahi mil raha?",Orders,order_status,Check the status of an existing order,train
order_status_b009,Please batao order dispatch hua ya nahi; status same hi pada hai,Orders,order_status,Check the status of an existing order,train
order_status_b010,"mujhe lagta hai, mera order kab tak aayega? tracking update nahi mil raha",Orders,order_status,Check the status of an existing order,train
order_status_b011,"tracking mein clear update nahi hai, status same hi pada hai",Orders,order_status,Check the status of an existing order,train
order_status_b012,pls order status dekh doge? tracking update nahi mil raha,Orders,order_status,Check the status of an existing order,train
order_status_b013,mera order kahan tak pahucha? dispatch hua ya nahi pata nahi?,Orders,order_status,Check the status of an existing order,test
order_status_b014,"Order ka current status check karna hai, expected date cross ho gayi",Orders,order_status,Check the status of an existing order,train
order_status_b015,"mujhe lagta hai, please batao order dispatch hua ya nahi; dispatch hua ya nahi pata nahi",Orders,order_status,Check the status of an existing order,validation
order_status_b016,mera order kab tak aayega? expected date cross ho gayi,Orders,order_status,Check the status of an existing order,train
order_status_b017,"pls tracking mein clear update nahi hai, dispatch hua ya nahi pata nahi",Orders,order_status,Check the status of an existing order,train
order_status_b018,order status dekh doge? expected date cross ho gayi?,Orders,order_status,Check the status of an existing order,train
order_status_b019,Mera order kahan tak pahucha? kal tak chahiye tha,Orders,order_status,Check the status of an existing order,validation
order_status_b020,"mujhe lagta hai, order ka current status check karna hai, order abhi tak nahi aaya",Orders,order_status,Check the status of an existing order,train
order_status_b021,please batao order dispatch hua ya nahi; kal tak chahiye tha,Orders,order_status,Check the status of an existing order,train
order_status_b022,pls mera order kab tak aayega? order abhi tak nahi aaya,Orders,order_status,Check the status of an existing order,train
order_status_b023,"tracking mein clear update nahi hai, kal tak chahiye tha?",Orders,order_status,Check the status of an existing order,train
order_status_b024,Order status dekh doge? order abhi tak nahi aaya,Orders,order_status,Check the status of an existing order,test
order_status_b025,"mujhe lagta hai, mera order kahan tak pahucha? tracking update nahi mil raha",Orders,order_status,Check the status of an existing order,validation
order_status_b026,"order ka current status check karna hai, status same hi pada hai",Orders,order_status,Check the status of an existing order,train
order_status_b027,pls please batao order dispatch hua ya nahi; tracking update nahi mil raha,Orders,order_status,Check the status of an existing order,train
order_status_b028,mera order kab tak aayega? status same hi pada hai?,Orders,order_status,Check the status of an existing order,train
order_status_b029,"Tracking mein clear update nahi hai, tracking update nahi mil raha",Orders,order_status,Check the status of an existing order,train
order_status_b030,"mujhe lagta hai, order status dekh doge? status same hi pada hai",Orders,order_status,Check the status of an existing order,train
order_status_b031,mera order kahan tak pahucha? expected date cross ho gayi; status same hi pada hai,Orders,order_status,Check the status of an existing order,train
order_status_b032,"pls order ka current status check karna hai, dispatch hua ya nahi pata nahi; order abhi tak nahi aaya",Orders,order_status,Check the status of an existing order,train
order_status_b033,please batao order dispatch hua ya nahi; expected date cross ho gayi; expected date cross ho gayi?,Orders,order_status,Check the status of an existing order,train
order_status_b034,Mera order kab tak aayega? dispatch hua ya nahi pata nahi; tracking update nahi mil raha,Orders,order_status,Check the status of an existing order,train
order_status_b035,"mujhe lagta hai, tracking mein clear update nahi hai, expected date cross ho gayi; kal tak chahiye tha",Orders,order_status,Check the status of an existing order,train
order_status_b036,order status dekh doge? dispatch hua ya nahi pata nahi; dispatch hua ya nahi pata nahi,Orders,order_status,Check the status of an existing order,train
order_status_b037,pls mera order kahan tak pahucha? order abhi tak nahi aaya; status same hi pada hai,Orders,order_status,Check the status of an existing order,test
order_status_b038,"order ka current status check karna hai, kal tak chahiye tha; order abhi tak nahi aaya?",Orders,order_status,Check the status of an existing order,train
order_status_b039,Please batao order dispatch hua ya nahi; order abhi tak nahi aaya; expected date cross ho gayi,Orders,order_status,Check the status of an existing order,train
order_status_b040,"mujhe lagta hai, mera order kab tak aayega? kal tak chahiye tha; tracking update nahi mil raha",Orders,order_status,Check the status of an existing order,test
order_status_b041,"tracking mein clear update nahi hai, order abhi tak nahi aaya; kal tak chahiye tha",Orders,order_status,Check the status of an existing order,test
order_status_b042,pls order status dekh doge? kal tak chahiye tha; dispatch hua ya nahi pata nahi,Orders,order_status,Check the status of an existing order,train
order_status_b043,mera order kahan tak pahucha? status same hi pada hai; status same hi pada hai?,Orders,order_status,Check the status of an existing order,validation
order_status_b044,"Order ka current status check karna hai, tracking update nahi mil raha; order abhi tak nahi aaya",Orders,order_status,Check the status of an existing order,train
order_status_b045,"mujhe lagta hai, please batao order dispatch hua ya nahi; status same hi pada hai; expected date cross ho gayi",Orders,order_status,Check the status of an existing order,train
order_status_b046,mera order kab tak aayega? tracking update nahi mil raha; tracking update nahi mil raha,Orders,order_status,Check the status of an existing order,test
order_status_b047,"pls tracking mein clear update nahi hai, status same hi pada hai; kal tak chahiye tha",Orders,order_status,Check the status of an existing order,train
order_status_b048,order status dekh doge? tracking update nahi mil raha; dispatch hua ya nahi pata nahi?,Orders,order_status,Check the status of an existing order,validation
order_status_b049,Mera order kahan tak pahucha? dispatch hua ya nahi pata nahi; status same hi pada hai,Orders,order_status,Check the status of an existing order,train
order_status_b050,"mujhe lagta hai, order ka current status check karna hai, expected date cross ho gayi; order abhi tak nahi aaya",Orders,order_status,Check the status of an existing order,train
order_status_b051,please batao order dispatch hua ya nahi; dispatch hua ya nahi pata nahi; expected date cross ho gayi,Orders,order_status,Check the status of an existing order,train
order_status_b052,pls mera order kab tak aayega? expected date cross ho gayi; tracking update nahi mil raha,Orders,order_status,Check the status of an existing order,train
order_status_b053,"tracking mein clear update nahi hai, dispatch hua ya nahi pata nahi; kal tak chahiye tha?",Orders,order_status,Check the status of an existing order,train
order_status_b054,Order status dekh doge? expected date cross ho gayi; dispatch hua ya nahi pata nahi,Orders,order_status,Check the status of an existing order,test
order_status_b055,"mujhe lagta hai, mera order kahan tak pahucha? kal tak chahiye tha; status same hi pada hai",Orders,order_status,Check the status of an existing order,train
order_status_b056,"order ka current status check karna hai, order abhi tak nahi aaya; order abhi tak nahi aaya",Orders,order_status,Check the status of an existing order,test
order_status_b057,pls please batao order dispatch hua ya nahi; kal tak chahiye tha; expected date cross ho gayi,Orders,order_status,Check the status of an existing order,test
order_status_b058,mera order kab tak aayega? order abhi tak nahi aaya; tracking update nahi mil raha?,Orders,order_status,Check the status of an existing order,train
order_status_b059,"Tracking mein clear update nahi hai, kal tak chahiye tha; kal tak chahiye tha",Orders,order_status,Check the status of an existing order,train
order_status_b060,"mujhe lagta hai, order status dekh doge? order abhi tak nahi aaya; dispatch hua ya nahi pata nahi",Orders,order_status,Check the status of an existing order,train
order_modify_b001,mere order mein change chahiye: quantity ek aur karni hai,Orders,order_modify,Modify an existing order,train
order_modify_b002,"pls order already place hai, par delivery address update karna hai",Orders,order_modify,Modify an existing order,train
order_modify_b003,kya existing order ko modify kar sakte ho? quantity ek aur karni hai?,Orders,order_modify,Modify an existing order,train
order_modify_b004,"Please order update kar do, delivery address update karna hai",Orders,order_modify,Modify an existing order,validation
order_modify_b005,"mujhe lagta hai, mujhe order edit karna hai kyunki quantity ek aur karni hai",Orders,order_modify,Modify an existing order,train
order_modify_b006,"dispatch se pehle delivery address update karna hai, change possible hai?",Orders,order_modify,Modify an existing order,validation
order_modify_b007,pls mere order mein change chahiye: size change karna hai,Orders,order_modify,Modify an existing order,train
order_modify_b008,"order already place hai, par ek item add karna hai?",Orders,order_modify,Modify an existing order,validation
order_modify_b009,Kya existing order ko modify kar sakte ho? size change karna hai,Orders,order_modify,Modify an existing order,validation
order_modify_b010,"mujhe lagta hai, please order update kar do, ek item add karna hai",Orders,order_modify,Modify an existing order,validation
order_modify_b011,mujhe order edit karna hai kyunki size change karna hai,Orders,order_modify,Modify an existing order,train
order_modify_b012,"pls dispatch se pehle ek item add karna hai, change possible hai?",Orders,order_modify,Modify an existing order,train
order_modify_b013,mere order mein change chahiye: color dusra chahiye?,Orders,order_modify,Modify an existing order,train
order_modify_b014,"Order already place hai, par ek item hata dena hai",Orders,order_modify,Modify an existing order,train
order_modify_b015,"mujhe lagta hai, kya existing order ko modify kar sakte ho? color dusra chahiye",Orders,order_modify,Modify an existing order,validation
order_modify_b016,"please order update kar do, ek item hata dena hai",Orders,order_modify,Modify an existing order,train
order_modify_b017,pls mujhe order edit karna hai kyunki color dusra chahiye,Orders,order_modify,Modify an existing order,test
order_modify_b018,"dispatch se pehle ek item hata dena hai, change possible hai??",Orders,order_modify,Modify an existing order,train
order_modify_b019,Mere order mein change chahiye: delivery address update karna hai,Orders,order_modify,Modify an existing order,train
order_modify_b020,"mujhe lagta hai, order already place hai, par quantity ek aur karni hai",Orders,order_modify,Modify an existing order,train
order_modify_b021,kya existing order ko modify kar sakte ho? delivery address update karna hai,Orders,order_modify,Modify an existing order,train
order_modify_b022,"pls please order update kar do, quantity ek aur karni hai",Orders,order_modify,Modify an existing order,train
order_modify_b023,mujhe order edit karna hai kyunki delivery address update karna hai?,Orders,order_modify,Modify an existing order,train
order_modify_b024,"Dispatch se pehle quantity ek aur karni hai, change possible hai?",Orders,order_modify,Modify an existing order,validation
order_modify_b025,"mujhe lagta hai, mere order mein change chahiye: ek item add karna hai",Orders,order_modify,Modify an existing order,train
order_modify_b026,"order already place hai, par size change karna hai",Orders,order_modify,Modify an existing order,test
order_modify_b027,pls kya existing order ko modify kar sakte ho? ek item add karna hai,Orders,order_modify,Modify an existing order,train
order_modify_b028,"please order update kar do, size change karna hai?",Orders,order_modify,Modify an existing order,test
order_modify_b029,Mujhe order edit karna hai kyunki ek item add karna hai,Orders,order_modify,Modify an existing order,train
order_modify_b030,"mujhe lagta hai, dispatch se pehle size change karna hai, change possible hai?",Orders,order_modify,Modify an existing order,train
order_modify_b031,mere order mein change chahiye: ek item hata dena hai; size change karna hai,Orders,order_modify,Modify an existing order,train
order_modify_b032,"pls order already place hai, par color dusra chahiye; quantity ek aur karni hai",Orders,order_modify,Modify an existing order,validation
order_modify_b033,kya existing order ko modify kar sakte ho? ek item hata dena hai; ek item hata dena hai?,Orders,order_modify,Modify an existing order,validation
order_modify_b034,"Please order update kar do, color dusra chahiye; ek item add karna hai",Orders,order_modify,Modify an existing order,train
order_modify_b035,"mujhe lagta hai, mujhe order edit karna hai kyunki ek item hata dena hai; delivery address update karna hai",Orders,order_modify,Modify an existing order,test
order_modify_b036,"dispatch se pehle color dusra chahiye; color dusra chahiye, change possible hai?",Orders,order_modify,Modify an existing order,test
order_modify_b037,pls mere order mein change chahiye: quantity ek aur karni hai; size change karna hai,Orders,order_modify,Modify an existing order,train
order_modify_b038,"order already place hai, par delivery address update karna hai; quantity ek aur karni hai?",Orders,order_modify,Modify an existing order,test
order_modify_b039,Kya existing order ko modify kar sakte ho? quantity ek aur karni hai; ek item hata dena hai,Orders,order_modify,Modify an existing order,train
order_modify_b040,"mujhe lagta hai, please order update kar do, delivery address update karna hai; ek item add karna hai",Orders,order_modify,Modify an existing order,train
order_modify_b041,mujhe order edit karna hai kyunki quantity ek aur karni hai; delivery address update karna hai,Orders,order_modify,Modify an existing order,train
order_modify_b042,"pls dispatch se pehle delivery address update karna hai; color dusra chahiye, change possible hai?",Orders,order_modify,Modify an existing order,train
order_modify_b043,mere order mein change chahiye: size change karna hai; size change karna hai?,Orders,order_modify,Modify an existing order,train
order_modify_b044,"Order already place hai, par ek item add karna hai; quantity ek aur karni hai",Orders,order_modify,Modify an existing order,train
order_modify_b045,"mujhe lagta hai, kya existing order ko modify kar sakte ho? size change karna hai; ek item hata dena hai",Orders,order_modify,Modify an existing order,train
order_modify_b046,"please order update kar do, ek item add karna hai; ek item add karna hai",Orders,order_modify,Modify an existing order,train
order_modify_b047,pls mujhe order edit karna hai kyunki size change karna hai; delivery address update karna hai,Orders,order_modify,Modify an existing order,train
order_modify_b048,"dispatch se pehle ek item add karna hai; color dusra chahiye, change possible hai??",Orders,order_modify,Modify an existing order,test
order_modify_b049,Mere order mein change chahiye: color dusra chahiye; size change karna hai,Orders,order_modify,Modify an existing order,train
order_modify_b050,"mujhe lagta hai, order already place hai, par ek item hata dena hai; quantity ek aur karni hai",Orders,order_modify,Modify an existing order,train
order_modify_b051,kya existing order ko modify kar sakte ho? color dusra chahiye; ek item hata dena hai,Orders,order_modify,Modify an existing order,train
order_modify_b052,"pls please order update kar do, ek item hata dena hai; ek item add karna hai",Orders,order_modify,Modify an existing order,train
order_modify_b053,mujhe order edit karna hai kyunki color dusra chahiye; delivery address update karna hai?,Orders,order_modify,Modify an existing order,train
order_modify_b054,"Dispatch se pehle ek item hata dena hai; color dusra chahiye, change possible hai?",Orders,order_modify,Modify an existing order,train
order_modify_b055,"mujhe lagta hai, mere order mein change chahiye: delivery address update karna hai; size change karna hai",Orders,order_modify,Modify an existing order,test
order_modify_b056,"order already place hai, par quantity ek aur karni hai; quantity ek aur karni hai",Orders,order_modify,Modify an existing order,train
order_modify_b057,pls kya existing order ko modify kar sakte ho? delivery address update karna hai; ek item hata dena hai,Orders,order_modify,Modify an existing order,train
order_modify_b058,"please order update kar do, quantity ek aur karni hai; ek item add karna hai?",Orders,order_modify,Modify an existing order,train
order_modify_b059,Mujhe order edit karna hai kyunki delivery address update karna hai; delivery address update karna hai,Orders,order_modify,Modify an existing order,train
order_modify_b060,"mujhe lagta hai, dispatch se pehle quantity ek aur karni hai; color dusra chahiye, change possible hai?",Orders,order_modify,Modify an existing order,test
order_cancellation_failed_b001,"maine cancel kiya tha, lekin cancel karne ke baad bhi order active hai",Orders,order_cancellation_failed,Cancellation request did not take effect,train
order_cancellation_failed_b002,"pls cancellation request kaam nahi ki, order cancel nahi hua",Orders,order_cancellation_failed,Cancellation request did not take effect,test
order_cancellation_failed_b003,order cancel karne ke baad bhi cancel karne ke baad bhi order active hai?,Orders,order_cancellation_failed,Cancellation request did not take effect,train
order_cancellation_failed_b004,App mein cancellation ka issue aa raha hai: order cancel nahi hua,Orders,order_cancellation_failed,Cancellation request did not take effect,test
order_cancellation_failed_b005,"mujhe lagta hai, cancel request accept nahi hui, cancel karne ke baad bhi order active hai",Orders,order_cancellation_failed,Cancellation request did not take effect,validation
order_cancellation_failed_b006,"please check karo, order cancel nahi hua",Orders,order_cancellation_failed,Cancellation request did not take effect,validation
order_cancellation_failed_b007,"pls maine cancel kiya tha, lekin cancel request ke baad packing dikh rahi hai",Orders,order_cancellation_failed,Cancellation request did not take effect,train
order_cancellation_failed_b008,"cancellation request kaam nahi ki, cancelled bolne ke baad phir active ho gaya?",Orders,order_cancellation_failed,Cancellation request did not take effect,test
order_cancellation_failed_b009,Order cancel karne ke baad bhi cancel request ke baad packing dikh rahi hai,Orders,order_cancellation_failed,Cancellation request did not take effect,validation
order_cancellation_failed_b010,"mujhe lagta hai, app mein cancellation ka issue aa raha hai: cancelled bolne ke baad phir active ho gaya",Orders,order_cancellation_failed,Cancellation request did not take effect,train
order_cancellation_failed_b011,"cancel request accept nahi hui, cancel request ke baad packing dikh rahi hai",Orders,order_cancellation_failed,Cancellation request did not take effect,train
order_cancellation_failed_b012,"pls please check karo, cancelled bolne ke baad phir active ho gaya",Orders,order_cancellation_failed,Cancellation request did not take effect,train
order_cancellation_failed_b013,"maine cancel kiya tha, lekin app mein cancellation failed aa raha hai?",Orders,order_cancellation_failed,Cancellation request did not take effect,train
order_cancellation_failed_b014,"Cancellation request kaam nahi ki, cancel request accept nahi hui",Orders,order_cancellation_failed,Cancellation request did not take effect,train
order_cancellation_failed_b015,"mujhe lagta hai, order cancel karne ke baad bhi app mein cancellation failed aa raha hai",Orders,order_cancellation_failed,Cancellation request did not take effect,train
order_cancellation_failed_b016,app mein cancellation ka issue aa raha hai: cancel request accept nahi hui,Orders,order_cancellation_failed,Cancellation request did not take effect,test
order_cancellation_failed_b017,"pls cancel request accept nahi hui, app mein cancellation failed aa raha hai",Orders,order_cancellation_failed,Cancellation request did not take effect,train
order_cancellation_failed_b018,"please check karo, cancel request accept nahi hui?",Orders,order_cancellation_failed,Cancellation request did not take effect,train
order_cancellation_failed_b019,"Maine cancel kiya tha, lekin order cancel nahi hua",Orders,order_cancellation_failed,Cancellation request did not take effect,train
order_cancellation_failed_b020,"mujhe lagta hai, cancellation request kaam nahi ki, cancel karne ke baad bhi order active hai",Orders,order_cancellation_failed,Cancellation request did not take effect,test
order_cancellation_failed_b021,order cancel karne ke baad bhi order cancel nahi hua,Orders,order_cancellation_failed,Cancellation request did not take effect,train
order_cancellation_failed_b022,pls app mein cancellation ka issue aa raha hai: cancel karne ke baad bhi order active hai,Orders,order_cancellation_failed,Cancellation request did not take effect,train
order_cancellation_failed_b023,"cancel request accept nahi hui, order cancel nahi hua?",Orders,order_cancellation_failed,Cancellation request did not take effect,train
order_cancellation_failed_b024,"Please check karo, cancel karne ke baad bhi order active hai",Orders,order_cancellation_failed,Cancellation request did not take effect,test
order_cancellation_failed_b025,"mujhe lagta hai, maine cancel kiya tha, lekin cancelled bolne ke baad phir active ho gaya",Orders,order_cancellation_failed,Cancellation request did not take effect,train
order_cancellation_failed_b026,"cancellation request kaam nahi ki, cancel request ke baad packing dikh rahi hai",Orders,order_cancellation_failed,Cancellation request did not take effect,train
order_cancellation_failed_b027,pls order cancel karne ke baad bhi cancelled bolne ke baad phir active ho gaya,Orders,order_cancellation_failed,Cancellation request did not take effect,train
order_cancellation_failed_b028,app mein cancellation ka issue aa raha hai: cancel request ke baad packing dikh rahi hai?,Orders,order_cancellation_failed,Cancellation request did not take effect,train
order_cancellation_failed_b029,"Cancel request accept nahi hui, cancelled bolne ke baad phir active ho gaya",Orders,order_cancellation_failed,Cancellation request did not take effect,train
order_cancellation_failed_b030,"mujhe lagta hai, please check karo, cancel request ke baad packing dikh rahi hai",Orders,order_cancellation_failed,Cancellation request did not take effect,train
order_cancellation_failed_b031,"maine cancel kiya tha, lekin cancel request accept nahi hui; cancel request ke baad packing dikh rahi hai",Orders,order_cancellation_failed,Cancellation request did not take effect,train
order_cancellation_failed_b032,"pls cancellation request kaam nahi ki, app mein cancellation failed aa raha hai; cancel karne ke baad bhi order active hai",Orders,order_cancellation_failed,Cancellation request did not take effect,test
order_cancellation_failed_b033,order cancel karne ke baad bhi cancel request accept nahi hui; cancel request accept nahi hui?,Orders,order_cancellation_failed,Cancellation request did not take effect,train
order_cancellation_failed_b034,App mein cancellation ka issue aa raha hai: app mein cancellation failed aa raha hai; cancelled bolne ke baad phir active ho gaya,Orders,order_cancellation_failed,Cancellation request did not take effect,train
order_cancellation_failed_b035,"mujhe lagta hai, cancel request accept nahi hui, cancel request accept nahi hui; order cancel nahi hua",Orders,order_cancellation_failed,Cancellation request did not take effect,validation
order_cancellation_failed_b036,"please check karo, app mein cancellation failed aa raha hai; app mein cancellation failed aa raha hai",Orders,order_cancellation_failed,Cancellation request did not take effect,train
order_cancellation_failed_b037,"pls maine cancel kiya tha, lekin cancel karne ke baad bhi order active hai; cancel request ke baad packing dikh rahi hai",Orders,order_cancellation_failed,Cancellation request did not take effect,validation
order_cancellation_failed_b038,"cancellation request kaam nahi ki, order cancel nahi hua; cancel karne ke baad bhi order active hai?",Orders,order_cancellation_failed,Cancellation request did not take effect,train
order_cancellation_failed_b039,Order cancel karne ke baad bhi cancel karne ke baad bhi order active hai; cancel request accept nahi hui,Orders,order_cancellation_failed,Cancellation request did not take effect,train
order_cancellation_failed_b040,"mujhe lagta hai, app mein cancellation ka issue aa raha hai: order cancel nahi hua; cancelled bolne ke baad phir active ho gaya",Orders,order_cancellation_failed,Cancellation request did not take effect,train
order_cancellation_failed_b041,"cancel request accept nahi hui, cancel karne ke baad bhi order active hai; order cancel nahi hua",Orders,order_cancellation_failed,Cancellation request did not take effect,train
order_cancellation_failed_b042,"pls please check karo, order cancel nahi hua; app mein cancellation failed aa raha hai",Orders,order_cancellation_failed,Cancellation request did not take effect,train
order_cancellation_failed_b043,"maine cancel kiya tha, lekin cancel request ke baad packing dikh rahi hai; cancel request ke baad packing dikh rahi hai?",Orders,order_cancellation_failed,Cancellation request did not take effect,train
order_cancellation_failed_b044,"Cancellation request kaam nahi ki, cancelled bolne ke baad phir active ho gaya; cancel karne ke baad bhi order active hai",Orders,order_cancellation_failed,Cancellation request did not take effect,train
order_cancellation_failed_b045,"mujhe lagta hai, order cancel karne ke baad bhi cancel request ke baad packing dikh rahi hai; cancel request accept nahi hui",Orders,order_cancellation_failed,Cancellation request did not take effect,train
order_cancellation_failed_b046,app mein cancellation ka issue aa raha hai: cancelled bolne ke baad phir active ho gaya; cancelled bolne ke baad phir active ho gaya,Orders,order_cancellation_failed,Cancellation request did not take effect,train
order_cancellation_failed_b047,"pls cancel request accept nahi hui, cancel request ke baad packing dikh rahi hai; order cancel nahi hua",Orders,order_cancellation_failed,Cancellation request did not take effect,validation
order_cancellation_failed_b048,"please check karo, cancelled bolne ke baad phir active ho gaya; app mein cancellation failed aa raha hai?",Orders,order_cancellation_failed,Cancellation request did not take effect,train
order_cancellation_failed_b049,"Maine cancel kiya tha, lekin app mein cancellation failed aa raha hai; cancel request ke baad packing dikh rahi hai",Orders,order_cancellation_failed,Cancellation request did not take effect,validation
order_cancellation_failed_b050,"mujhe lagta hai, cancellation request kaam nahi ki, cancel request accept nahi hui; cancel karne ke baad bhi order active hai",Orders,order_cancellation_failed,Cancellation request did not take effect,train
order_cancellation_failed_b051,order cancel karne ke baad bhi app mein cancellation failed aa raha hai; cancel request accept nahi hui,Orders,order_cancellation_failed,Cancellation request did not take effect,train
order_cancellation_failed_b052,pls app mein cancellation ka issue aa raha hai: cancel request accept nahi hui; cancelled bolne ke baad phir active ho gaya,Orders,order_cancellation_failed,Cancellation request did not take effect,test
order_cancellation_failed_b053,"cancel request accept nahi hui, app mein cancellation failed aa raha hai; order cancel nahi hua?",Orders,order_cancellation_failed,Cancellation request did not take effect,validation
order_cancellation_failed_b054,"Please check karo, cancel request accept nahi hui; app mein cancellation failed aa raha hai",Orders,order_cancellation_failed,Cancellation request did not take effect,test
order_cancellation_failed_b055,"mujhe lagta hai, maine cancel kiya tha, lekin order cancel nahi hua; cancel request ke baad packing dikh rahi hai",Orders,order_cancellation_failed,Cancellation request did not take effect,train
order_cancellation_failed_b056,"cancellation request kaam nahi ki, cancel karne ke baad bhi order active hai; cancel karne ke baad bhi order active hai",Orders,order_cancellation_failed,Cancellation request did not take effect,train
order_cancellation_failed_b057,pls order cancel karne ke baad bhi order cancel nahi hua; cancel request accept nahi hui,Orders,order_cancellation_failed,Cancellation request did not take effect,train
order_cancellation_failed_b058,app mein cancellation ka issue aa raha hai: cancel karne ke baad bhi order active hai; cancelled bolne ke baad phir active ho gaya?,Orders,order_cancellation_failed,Cancellation request did not take effect,train
order_cancellation_failed_b059,"Cancel request accept nahi hui, order cancel nahi hua; order cancel nahi hua",Orders,order_cancellation_failed,Cancellation request did not take effect,train
order_cancellation_failed_b060,"mujhe lagta hai, please check karo, cancel karne ke baad bhi order active hai; app mein cancellation failed aa raha hai",Orders,order_cancellation_failed,Cancellation request did not take effect,validation
wrong_item_b001,mujhe wrong item mila: jo manga tha uske badle dusra item aaya,Orders,wrong_item,Received an item different from what was ordered,train
wrong_item_b002,"pls jo order kiya tha woh nahi aaya, model different hai",Orders,wrong_item,Received an item different from what was ordered,train
wrong_item_b003,delivery receive hui but jo manga tha uske badle dusra item aaya?,Orders,wrong_item,Received an item different from what was ordered,train
wrong_item_b004,Parcel khola toh pata chala model different hai,Orders,wrong_item,Received an item different from what was ordered,train
wrong_item_b005,"mujhe lagta hai, invoice/order details ke hisaab se jo manga tha uske badle dusra item aaya",Orders,wrong_item,Received an item different from what was ordered,train
wrong_item_b006,"wrong product deliver hua hai, model different hai",Orders,wrong_item,Received an item different from what was ordered,train
wrong_item_b007,pls mujhe wrong item mila: color alag hai,Orders,wrong_item,Received an item different from what was ordered,validation
wrong_item_b008,"jo order kiya tha woh nahi aaya, brand different hai?",Orders,wrong_item,Received an item different from what was ordered,train
wrong_item_b009,Delivery receive hui but color alag hai,Orders,wrong_item,Received an item different from what was ordered,test
wrong_item_b010,"mujhe lagta hai, parcel khola toh pata chala brand different hai",Orders,wrong_item,Received an item different from what was ordered,train
wrong_item_b011,invoice/order details ke hisaab se color alag hai,Orders,wrong_item,Received an item different from what was ordered,train
wrong_item_b012,"pls wrong product deliver hua hai, brand different hai",Orders,wrong_item,Received an item different from what was ordered,train
wrong_item_b013,mujhe wrong item mila: size galat bheji hai?,Orders,wrong_item,Received an item different from what was ordered,validation
wrong_item_b014,"Jo order kiya tha woh nahi aaya, invoice se item match nahi kar raha",Orders,wrong_item,Received an item different from what was ordered,test
wrong_item_b015,"mujhe lagta hai, delivery receive hui but size galat bheji hai",Orders,wrong_item,Received an item different from what was ordered,train
wrong_item_b016,parcel khola toh pata chala invoice se item match nahi kar raha,Orders,wrong_item,Received an item different from what was ordered,test
wrong_item_b017,pls invoice/order details ke hisaab se size galat bheji hai,Orders,wrong_item,Received an item different from what was ordered,train
wrong_item_b018,"wrong product deliver hua hai, invoice se item match nahi kar raha?",Orders,wrong_item,Received an item different from what was ordered,train
wrong_item_b019,Mujhe wrong item mila: model different hai,Orders,wrong_item,Received an item different from what was ordered,train
wrong_item_b020,"mujhe lagta hai, jo order kiya tha woh nahi aaya, jo manga tha uske badle dusra item aaya",Orders,wrong_item,Received an item different from what was ordered,train
wrong_item_b021,delivery receive hui but model different hai,Orders,wrong_item,Received an item different from what was ordered,train
wrong_item_b022,pls parcel khola toh pata chala jo manga tha uske badle dusra item aaya,Orders,wrong_item,Received an item different from what was ordered,train
wrong_item_b023,invoice/order details ke hisaab se model different hai?,Orders,wrong_item,Received an item different from what was ordered,validation
wrong_item_b024,"Wrong product deliver hua hai, jo manga tha uske badle dusra item aaya",Orders,wrong_item,Received an item different from what was ordered,train
wrong_item_b025,"mujhe lagta hai, mujhe wrong item mila: brand different hai",Orders,wrong_item,Received an item different from what was ordered,train
wrong_item_b026,"jo order kiya tha woh nahi aaya, color alag hai",Orders,wrong_item,Received an item different from what was ordered,train
wrong_item_b027,pls delivery receive hui but brand different hai,Orders,wrong_item,Received an item different from what was ordered,validation
wrong_item_b028,parcel khola toh pata chala color alag hai?,Orders,wrong_item,Received an item different from what was ordered,validation
wrong_item_b029,Invoice/order details ke hisaab se brand different hai,Orders,wrong_item,Received an item different from what was ordered,train
wrong_item_b030,"mujhe lagta hai, wrong product deliver hua hai, color alag hai",Orders,wrong_item,Received an item different from what was ordered,train
wrong_item_b031,mujhe wrong item mila: invoice se item match nahi kar raha; color alag hai,Orders,wrong_item,Received an item different from what was ordered,test
wrong_item_b032,"pls jo order kiya tha woh nahi aaya, size galat bheji hai; jo manga tha uske badle dusra item aaya",Orders,wrong_item,Received an item different from what was ordered,train
wrong_item_b033,delivery receive hui but invoice se item match nahi kar raha; invoice se item match nahi kar raha?,Orders,wrong_item,Received an item different from what was ordered,train
wrong_item_b034,Parcel khola toh pata chala size galat bheji hai; brand different hai,Orders,wrong_item,Received an item different from what was ordered,train
wrong_item_b035,"mujhe lagta hai, invoice/order details ke hisaab se invoice se item match nahi kar raha; model different hai",Orders,wrong_item,Received an item different from what was ordered,test
wrong_item_b036,"wrong product deliver hua hai, size galat bheji hai; size galat bheji hai",Orders,wrong_item,Received an item different from what was ordered,train
wrong_item_b037,pls mujhe wrong item mila: jo manga tha uske badle dusra item aaya; color alag hai,Orders,wrong_item,Received an item different from what was ordered,test
wrong_item_b038,"jo order kiya tha woh nahi aaya, model different hai; jo manga tha uske badle dusra item aaya?",Orders,wrong_item,Received an item different from what was ordered,train
wrong_item_b039,Delivery receive hui but jo manga tha uske badle dusra item aaya; invoice se item match nahi kar raha,Orders,wrong_item,Received an item different from what was ordered,train
wrong_item_b040,"mujhe lagta hai, parcel khola toh pata chala model different hai; brand different hai",Orders,wrong_item,Received an item different from what was ordered,train
wrong_item_b041,invoice/order details ke hisaab se jo manga tha uske badle dusra item aaya; model different hai,Orders,wrong_item,Received an item different from what was ordered,train
wrong_item_b042,"pls wrong product deliver hua hai, model different hai; size galat bheji hai",Orders,wrong_item,Received an item different from what was ordered,train
wrong_item_b043,mujhe wrong item mila: color alag hai; color alag hai?,Orders,wrong_item,Received an item different from what was ordered,validation
wrong_item_b044,"Jo order kiya tha woh nahi aaya, brand different hai; jo manga tha uske badle dusra item aaya",Orders,wrong_item,Received an item different from what was ordered,train
wrong_item_b045,"mujhe lagta hai, delivery receive hui but color alag hai; invoice se item match nahi kar raha",Orders,wrong_item,Received an item different from what was ordered,validation
wrong_item_b046,parcel khola toh pata chala brand different hai; brand different hai,Orders,wrong_item,Received an item different from what was ordered,train
wrong_item_b047,pls invoice/order details ke hisaab se color alag hai; model different hai,Orders,wrong_item,Received an item different from what was ordered,test
wrong_item_b048,"wrong product deliver hua hai, brand different hai; size galat bheji hai?",Orders,wrong_item,Received an item different from what was ordered,validation
wrong_item_b049,Mujhe wrong item mila: size galat bheji hai; color alag hai,Orders,wrong_item,Received an item different from what was ordered,train
wrong_item_b050,"mujhe lagta hai, jo order kiya tha woh nahi aaya, invoice se item match nahi kar raha; jo manga tha uske badle dusra item aaya",Orders,wrong_item,Received an item different from what was ordered,train
wrong_item_b051,delivery receive hui but size galat bheji hai; invoice se item match nahi kar raha,Orders,wrong_item,Received an item different from what was ordered,test
wrong_item_b052,pls parcel khola toh pata chala invoice se item match nahi kar raha; brand different hai,Orders,wrong_item,Received an item different from what was ordered,train
wrong_item_b053,invoice/order details ke hisaab se size galat bheji hai; model different hai?,Orders,wrong_item,Received an item different from what was ordered,train
wrong_item_b054,"Wrong product deliver hua hai, invoice se item match nahi kar raha; size galat bheji hai",Orders,wrong_item,Received an item different from what was ordered,validation
wrong_item_b055,"mujhe lagta hai, mujhe wrong item mila: model different hai; color alag hai",Orders,wrong_item,Received an item different from what was ordered,train
wrong_item_b056,"jo order kiya tha woh nahi aaya, jo manga tha uske badle dusra item aaya; jo manga tha uske badle dusra item aaya",Orders,wrong_item,Received an item different from what was ordered,test
wrong_item_b057,pls delivery receive hui but model different hai; invoice se item match nahi kar raha,Orders,wrong_item,Received an item different from what was ordered,train
wrong_item_b058,parcel khola toh pata chala jo manga tha uske badle dusra item aaya; brand different hai?,Orders,wrong_item,Received an item different from what was ordered,train
wrong_item_b059,Invoice/order details ke hisaab se model different hai; model different hai,Orders,wrong_item,Received an item different from what was ordered,train
wrong_item_b060,"mujhe lagta hai, wrong product deliver hua hai, jo manga tha uske badle dusra item aaya; size galat bheji hai",Orders,wrong_item,Received an item different from what was ordered,train
return_item_b001,mujhe item return karna hai kyunki item pasand nahi aaya,Returns & Refunds,return_item,Request a return of an item,train
return_item_b002,pls return request raise karni hai; galat size aa gaya,Returns & Refunds,return_item,Request a return of an item,train
return_item_b003,kya is product ko wapas kar sakta hoon? item pasand nahi aaya?,Returns & Refunds,return_item,Request a return of an item,train
return_item_b004,"Item receive ho gaya, par galat size aa gaya",Returns & Refunds,return_item,Request a return of an item,train
return_item_b005,"mujhe lagta hai, please return process batao, item pasand nahi aaya",Returns & Refunds,return_item,Request a return of an item,train
return_item_b006,"ye product return karna hai, galat size aa gaya",Returns & Refunds,return_item,Request a return of an item,train
return_item_b007,pls mujhe item return karna hai kyunki product fit nahi hua,Returns & Refunds,return_item,Request a return of an item,train
return_item_b008,return request raise karni hai; ab iski zarurat nahi hai?,Returns & Refunds,return_item,Request a return of an item,train
return_item_b009,Kya is product ko wapas kar sakta hoon? product fit nahi hua,Returns & Refunds,return_item,Request a return of an item,train
return_item_b010,"mujhe lagta hai, item receive ho gaya, par ab iski zarurat nahi hai",Returns & Refunds,return_item,Request a return of an item,validation
return_item_b011,"please return process batao, product fit nahi hua",Returns & Refunds,return_item,Request a return of an item,train
return_item_b012,"pls ye product return karna hai, ab iski zarurat nahi hai",Returns & Refunds,return_item,Request a return of an item,train
return_item_b013,mujhe item return karna hai kyunki quality expected jaisi nahi hai?,Returns & Refunds,return_item,Request a return of an item,validation
return_item_b014,Return request raise karni hai; product defective lag raha hai,Returns & Refunds,return_item,Request a return of an item,validation
return_item_b015,"mujhe lagta hai, kya is product ko wapas kar sakta hoon? quality expected jaisi nahi hai",Returns & Refunds,return_item,Request a return of an item,train
return_item_b016,"item receive ho gaya, par product defective lag raha hai",Returns & Refunds,return_item,Request a return of an item,train
return_item_b017,"pls please return process batao, quality expected jaisi nahi hai",Returns & Refunds,return_item,Request a return of an item,test
return_item_b018,"ye product return karna hai, product defective lag raha hai?",Returns & Refunds,return_item,Request a return of an item,train
return_item_b019,Mujhe item return karna hai kyunki galat size aa gaya,Returns & Refunds,return_item,Request a return of an item,test
return_item_b020,"mujhe lagta hai, return request raise karni hai; item pasand nahi aaya",Returns & Refunds,return_item,Request a return of an item,train
return_item_b021,kya is product ko wapas kar sakta hoon? galat size aa gaya,Returns & Refunds,return_item,Request a return of an item,train
return_item_b022,"pls item receive ho gaya, par item pasand nahi aaya",Returns & Refunds,return_item,Request a return of an item,train
return_item_b023,"please return process batao, galat size aa gaya?",Returns & Refunds,return_item,Request a return of an item,train
return_item_b024,"Ye product return karna hai, item pasand nahi aaya",Returns & Refunds,return_item,Request a return of an item,train
return_item_b025,"mujhe lagta hai, mujhe item return karna hai kyunki ab iski zarurat nahi hai",Returns & Refunds,return_item,Request a return of an item,test
return_item_b026,return request raise karni hai; product fit nahi hua,Returns & Refunds,return_item,Request a return of an item,train
return_item_b027,pls kya is product ko wapas kar sakta hoon? ab iski zarurat nahi hai,Returns & Refunds,return_item,Request a return of an item,train
return_item_b028,"item receive ho gaya, par product fit nahi hua?",Returns & Refunds,return_item,Request a return of an item,test
return_item_b029,"Please return process batao, ab iski zarurat nahi hai",Returns & Refunds,return_item,Request a return of an item,train
return_item_b030,"mujhe lagta hai, ye product return karna hai, product fit nahi hua",Returns & Refunds,return_item,Request a return of an item,test
return_item_b031,mujhe item return karna hai kyunki product defective lag raha hai; product fit nahi hua,Returns & Refunds,return_item,Request a return of an item,train
return_item_b032,pls return request raise karni hai; quality expected jaisi nahi hai; item pasand nahi aaya,Returns & Refunds,return_item,Request a return of an item,validation
return_item_b033,kya is product ko wapas kar sakta hoon? product defective lag raha hai; product defective lag raha hai?,Returns & Refunds,return_item,Request a return of an item,train
return_item_b034,"Item receive ho gaya, par quality expected jaisi nahi hai; ab iski zarurat nahi hai",Returns & Refunds,return_item,Request a return of an item,train
return_item_b035,"mujhe lagta hai, please return process batao, product defective lag raha hai; galat size aa gaya",Returns & Refunds,return_item,Request a return of an item,train
return_item_b036,"ye product return karna hai, quality expected jaisi nahi hai; quality expected jaisi nahi hai",Returns & Refunds,return_item,Request a return of an item,validation
return_item_b037,pls mujhe item return karna hai kyunki item pasand nahi aaya; product fit nahi hua,Returns & Refunds,return_item,Request a return of an item,train
return_item_b038,return request raise karni hai; galat size aa gaya; item pasand nahi aaya?,Returns & Refunds,return_item,Request a return of an item,train
return_item_b039,Kya is product ko wapas kar sakta hoon? item pasand nahi aaya; product defective lag raha hai,Returns & Refunds,return_item,Request a return of an item,train
return_item_b040,"mujhe lagta hai, item receive ho gaya, par galat size aa gaya; ab iski zarurat nahi hai",Returns & Refunds,return_item,Request a return of an item,train
return_item_b041,"please return process batao, item pasand nahi aaya; galat size aa gaya",Returns & Refunds,return_item,Request a return of an item,train
return_item_b042,"pls ye product return karna hai, galat size aa gaya; quality expected jaisi nahi hai",Returns & Refunds,return_item,Request a return of an item,train
return_item_b043,mujhe item return karna hai kyunki product fit nahi hua; product fit nahi hua?,Returns & Refunds,return_item,Request a return of an item,validation
return_item_b044,Return request raise karni hai; ab iski zarurat nahi hai; item pasand nahi aaya,Returns & Refunds,return_item,Request a return of an item,train
return_item_b045,"mujhe lagta hai, kya is product ko wapas kar sakta hoon? product fit nahi hua; product defective lag raha hai",Returns & Refunds,return_item,Request a return of an item,test
return_item_b046,"item receive ho gaya, par ab iski zarurat nahi hai; ab iski zarurat nahi hai",Returns & Refunds,return_item,Request a return of an item,validation
return_item_b047,"pls please return process batao, product fit nahi hua; galat size aa gaya",Returns & Refunds,return_item,Request a return of an item,test
return_item_b048,"ye product return karna hai, ab iski zarurat nahi hai; quality expected jaisi nahi hai?",Returns & Refunds,return_item,Request a return of an item,train
return_item_b049,Mujhe item return karna hai kyunki quality expected jaisi nahi hai; product fit nahi hua,Returns & Refunds,return_item,Request a return of an item,train
return_item_b050,"mujhe lagta hai, return request raise karni hai; product defective lag raha hai; item pasand nahi aaya",Returns & Refunds,return_item,Request a return of an item,train
return_item_b051,kya is product ko wapas kar sakta hoon? quality expected jaisi nahi hai; product defective lag raha hai,Returns & Refunds,return_item,Request a return of an item,test
return_item_b052,"pls item receive ho gaya, par product defective lag raha hai; ab iski zarurat nahi hai",Returns & Refunds,return_item,Request a return of an item,train
return_item_b053,"please return process batao, quality expected jaisi nahi hai; galat size aa gaya?",Returns & Refunds,return_item,Request a return of an item,train
return_item_b054,"Ye product return karna hai, product defective lag raha hai; quality expected jaisi nahi hai",Returns & Refunds,return_item,Request a return of an item,train
return_item_b055,"mujhe lagta hai, mujhe item return karna hai kyunki galat size aa gaya; product fit nahi hua",Returns & Refunds,return_item,Request a return of an item,validation
return_item_b056,return request raise karni hai; item pasand nahi aaya; item pasand nahi aaya,Returns & Refunds,return_item,Request a return of an item,train
return_item_b057,pls kya is product ko wapas kar sakta hoon? galat size aa gaya; product defective lag raha hai,Returns & Refunds,return_item,Request a return of an item,validation
return_item_b058,"item receive ho gaya, par item pasand nahi aaya; ab iski zarurat nahi hai?",Returns & Refunds,return_item,Request a return of an item,test
return_item_b059,"Please return process batao, galat size aa gaya; galat size aa gaya",Returns & Refunds,return_item,Request a return of an item,train
return_item_b060,"mujhe lagta hai, ye product return karna hai, item pasand nahi aaya; quality expected jaisi nahi hai",Returns & Refunds,return_item,Request a return of an item,train
exchange_item_b001,item exchange karna hai kyunki size bada chahiye,Returns & Refunds,exchange_item,Exchange an item for another size/variant,test
exchange_item_b002,pls same product ka exchange chahiye; different variant lena hai,Returns & Refunds,exchange_item,Exchange an item for another size/variant,train
exchange_item_b003,kya is item ko replace kar sakte ho? size bada chahiye?,Returns & Refunds,exchange_item,Exchange an item for another size/variant,train
exchange_item_b004,"Exchange request dalni hai, different variant lena hai",Returns & Refunds,exchange_item,Exchange an item for another size/variant,train
exchange_item_b005,"mujhe lagta hai, mujhe replacement chahiye: size bada chahiye",Returns & Refunds,exchange_item,Exchange an item for another size/variant,test
exchange_item_b006,return ke badle exchange possible hai? different variant lena hai,Returns & Refunds,exchange_item,Exchange an item for another size/variant,train
exchange_item_b007,pls item exchange karna hai kyunki size chhota chahiye,Returns & Refunds,exchange_item,Exchange an item for another size/variant,validation
exchange_item_b008,same product ka exchange chahiye; same item ka replacement size chahiye?,Returns & Refunds,exchange_item,Exchange an item for another size/variant,train
exchange_item_b009,Kya is item ko replace kar sakte ho? size chhota chahiye,Returns & Refunds,exchange_item,Exchange an item for another size/variant,test
exchange_item_b010,"mujhe lagta hai, exchange request dalni hai, same item ka replacement size chahiye",Returns & Refunds,exchange_item,Exchange an item for another size/variant,train
exchange_item_b011,mujhe replacement chahiye: size chhota chahiye,Returns & Refunds,exchange_item,Exchange an item for another size/variant,train
exchange_item_b012,pls return ke badle exchange possible hai? same item ka replacement size chahiye,Returns & Refunds,exchange_item,Exchange an item for another size/variant,train
exchange_item_b013,item exchange karna hai kyunki dusra color chahiye?,Returns & Refunds,exchange_item,Exchange an item for another size/variant,train
exchange_item_b014,Same product ka exchange chahiye; wrong size ko correct size se badalna hai,Returns & Refunds,exchange_item,Exchange an item for another size/variant,validation
exchange_item_b015,"mujhe lagta hai, kya is item ko replace kar sakte ho? dusra color chahiye",Returns & Refunds,exchange_item,Exchange an item for another size/variant,train
exchange_item_b016,"exchange request dalni hai, wrong size ko correct size se badalna hai",Returns & Refunds,exchange_item,Exchange an item for another size/variant,train
exchange_item_b017,pls mujhe replacement chahiye: dusra color chahiye,Returns & Refunds,exchange_item,Exchange an item for another size/variant,validation
exchange_item_b018,return ke badle exchange possible hai? wrong size ko correct size se badalna hai?,Returns & Refunds,exchange_item,Exchange an item for another size/variant,train
exchange_item_b019,Item exchange karna hai kyunki different variant lena hai,Returns & Refunds,exchange_item,Exchange an item for another size/variant,train
exchange_item_b020,"mujhe lagta hai, same product ka exchange chahiye; size bada chahiye",Returns & Refunds,exchange_item,Exchange an item for another size/variant,test
exchange_item_b021,kya is item ko replace kar sakte ho? different variant lena hai,Returns & Refunds,exchange_item,Exchange an item for another size/variant,test
exchange_item_b022,"pls exchange request dalni hai, size bada chahiye",Returns & Refunds,exchange_item,Exchange an item for another size/variant,train
exchange_item_b023,mujhe replacement chahiye: different variant lena hai?,Returns & Refunds,exchange_item,Exchange an item for another size/variant,train
exchange_item_b024,Return ke badle exchange possible hai? size bada chahiye,Returns & Refunds,exchange_item,Exchange an item for another size/variant,train
exchange_item_b025,"mujhe lagta hai, item exchange karna hai kyunki same item ka replacement size chahiye",Returns & Refunds,exchange_item,Exchange an item for another size/variant,train
exchange_item_b026,same product ka exchange chahiye; size chhota chahiye,Returns & Refunds,exchange_item,Exchange an item for another size/variant,train
exchange_item_b027,pls kya is item ko replace kar sakte ho? same item ka replacement size chahiye,Returns & Refunds,exchange_item,Exchange an item for another size/variant,train
exchange_item_b028,"exchange request dalni hai, size chhota chahiye?",Returns & Refunds,exchange_item,Exchange an item for another size/variant,train
exchange_item_b029,Mujhe replacement chahiye: same item ka replacement size chahiye,Returns & Refunds,exchange_item,Exchange an item for another size/variant,train
exchange_item_b030,"mujhe lagta hai, return ke badle exchange possible hai? size chhota chahiye",Returns & Refunds,exchange_item,Exchange an item for another size/variant,test
exchange_item_b031,item exchange karna hai kyunki wrong size ko correct size se badalna hai; size chhota chahiye,Returns & Refunds,exchange_item,Exchange an item for another size/variant,train
exchange_item_b032,pls same product ka exchange chahiye; dusra color chahiye; size bada chahiye,Returns & Refunds,exchange_item,Exchange an item for another size/variant,train
exchange_item_b033,kya is item ko replace kar sakte ho? wrong size ko correct size se badalna hai; wrong size ko correct size se badalna hai?,Returns & Refunds,exchange_item,Exchange an item for another size/variant,validation
exchange_item_b034,"Exchange request dalni hai, dusra color chahiye; same item ka replacement size chahiye",Returns & Refunds,exchange_item,Exchange an item for another size/variant,train
exchange_item_b035,"mujhe lagta hai, mujhe replacement chahiye: wrong size ko correct size se badalna hai; different variant lena hai",Returns & Refunds,exchange_item,Exchange an item for another size/variant,validation
exchange_item_b036,return ke badle exchange possible hai? dusra color chahiye; dusra color chahiye,Returns & Refunds,exchange_item,Exchange an item for another size/variant,train
exchange_item_b037,pls item exchange karna hai kyunki size bada chahiye; size chhota chahiye,Returns & Refunds,exchange_item,Exchange an item for another size/variant,validation
exchange_item_b038,same product ka exchange chahiye; different variant lena hai; size bada chahiye?,Returns & Refunds,exchange_item,Exchange an item for another size/variant,train
exchange_item_b039,Kya is item ko replace kar sakte ho? size bada chahiye; wrong size ko correct size se badalna hai,Returns & Refunds,exchange_item,Exchange an item for another size/variant,train
exchange_item_b040,"mujhe lagta hai, exchange request dalni hai, different variant lena hai; same item ka replacement size chahiye",Returns & Refunds,exchange_item,Exchange an item for another size/variant,validation
exchange_item_b041,mujhe replacement chahiye: size bada chahiye; different variant lena hai,Returns & Refunds,exchange_item,Exchange an item for another size/variant,train
exchange_item_b042,pls return ke badle exchange possible hai? different variant lena hai; dusra color chahiye,Returns & Refunds,exchange_item,Exchange an item for another size/variant,test
exchange_item_b043,item exchange karna hai kyunki size chhota chahiye; size chhota chahiye?,Returns & Refunds,exchange_item,Exchange an item for another size/variant,test
exchange_item_b044,Same product ka exchange chahiye; same item ka replacement size chahiye; size bada chahiye,Returns & Refunds,exchange_item,Exchange an item for another size/variant,train
exchange_item_b045,"mujhe lagta hai, kya is item ko replace kar sakte ho? size chhota chahiye; wrong size ko correct size se badalna hai",Returns & Refunds,exchange_item,Exchange an item for another size/variant,train
exchange_item_b046,"exchange request dalni hai, same item ka replacement size chahiye; same item ka replacement size chahiye",Returns & Refunds,exchange_item,Exchange an item for another size/variant,train
exchange_item_b047,pls mujhe replacement chahiye: size chhota chahiye; different variant lena hai,Returns & Refunds,exchange_item,Exchange an item for another size/variant,train
exchange_item_b048,return ke badle exchange possible hai? same item ka replacement size chahiye; dusra color chahiye?,Returns & Refunds,exchange_item,Exchange an item for another size/variant,train
exchange_item_b049,Item exchange karna hai kyunki dusra color chahiye; size chhota chahiye,Returns & Refunds,exchange_item,Exchange an item for another size/variant,test
exchange_item_b050,"mujhe lagta hai, same product ka exchange chahiye; wrong size ko correct size se badalna hai; size bada chahiye",Returns & Refunds,exchange_item,Exchange an item for another size/variant,train
exchange_item_b051,kya is item ko replace kar sakte ho? dusra color chahiye; wrong size ko correct size se badalna hai,Returns & Refunds,exchange_item,Exchange an item for another size/variant,train
exchange_item_b052,"pls exchange request dalni hai, wrong size ko correct size se badalna hai; same item ka replacement size chahiye",Returns & Refunds,exchange_item,Exchange an item for another size/variant,train
exchange_item_b053,mujhe replacement chahiye: dusra color chahiye; different variant lena hai?,Returns & Refunds,exchange_item,Exchange an item for another size/variant,validation
exchange_item_b054,Return ke badle exchange possible hai? wrong size ko correct size se badalna hai; dusra color chahiye,Returns & Refunds,exchange_item,Exchange an item for another size/variant,train
exchange_item_b055,"mujhe lagta hai, item exchange karna hai kyunki different variant lena hai; size chhota chahiye",Returns & Refunds,exchange_item,Exchange an item for another size/variant,train
exchange_item_b056,same product ka exchange chahiye; size bada chahiye; size bada chahiye,Returns & Refunds,exchange_item,Exchange an item for another size/variant,validation
exchange_item_b057,pls kya is item ko replace kar sakte ho? different variant lena hai; wrong size ko correct size se badalna hai,Returns & Refunds,exchange_item,Exchange an item for another size/variant,train
exchange_item_b058,"exchange request dalni hai, size bada chahiye; same item ka replacement size chahiye?",Returns & Refunds,exchange_item,Exchange an item for another size/variant,train
exchange_item_b059,Mujhe replacement chahiye: different variant lena hai; different variant lena hai,Returns & Refunds,exchange_item,Exchange an item for another size/variant,train
exchange_item_b060,"mujhe lagta hai, return ke badle exchange possible hai? size bada chahiye; dusra color chahiye",Returns & Refunds,exchange_item,Exchange an item for another size/variant,train
refund_status_b001,refund ka status kya hai? refund kab tak aayega,Returns & Refunds,refund_status,Ask about the status of an expected refund,test
refund_status_b002,"pls mera refund abhi kis stage par hai, refund pending dikh raha hai",Returns & Refunds,refund_status,Ask about the status of an expected refund,train
refund_status_b003,"refund initiate hua tha, ab refund kab tak aayega?",Returns & Refunds,refund_status,Ask about the status of an expected refund,validation
refund_status_b004,Please refund track karwa do; refund pending dikh raha hai,Returns & Refunds,refund_status,Ask about the status of an expected refund,train
refund_status_b005,"mujhe lagta hai, refund kab credit hoga? refund kab tak aayega",Returns & Refunds,refund_status,Ask about the status of an expected refund,test
refund_status_b006,"amount wapas aane ka update chahiye, refund pending dikh raha hai",Returns & Refunds,refund_status,Ask about the status of an expected refund,train
refund_status_b007,pls refund ka status kya hai? refund process hua ya nahi,Returns & Refunds,refund_status,Ask about the status of an expected refund,train
refund_status_b008,"mera refund abhi kis stage par hai, refund initiate hua tha?",Returns & Refunds,refund_status,Ask about the status of an expected refund,test
refund_status_b009,"Refund initiate hua tha, ab refund process hua ya nahi",Returns & Refunds,refund_status,Ask about the status of an expected refund,validation
refund_status_b010,"mujhe lagta hai, please refund track karwa do; refund initiate hua tha",Returns & Refunds,refund_status,Ask about the status of an expected refund,test
refund_status_b011,refund kab credit hoga? refund process hua ya nahi,Returns & Refunds,refund_status,Ask about the status of an expected refund,train
refund_status_b012,"pls amount wapas aane ka update chahiye, refund initiate hua tha",Returns & Refunds,refund_status,Ask about the status of an expected refund,train
refund_status_b013,refund ka status kya hai? refund ka status dekhna hai?,Returns & Refunds,refund_status,Ask about the status of an expected refund,train
refund_status_b014,"Mera refund abhi kis stage par hai, bank mein refund abhi show nahi ho raha",Returns & Refunds,refund_status,Ask about the status of an expected refund,train
refund_status_b015,"mujhe lagta hai, refund initiate hua tha, ab refund ka status dekhna hai",Returns & Refunds,refund_status,Ask about the status of an expected refund,train
refund_status_b016,please refund track karwa do; bank mein refund abhi show nahi ho raha,Returns & Refunds,refund_status,Ask about the status of an expected refund,train
refund_status_b017,pls refund kab credit hoga? refund ka status dekhna hai,Returns & Refunds,refund_status,Ask about the status of an expected refund,train
refund_status_b018,"amount wapas aane ka update chahiye, bank mein refund abhi show nahi ho raha?",Returns & Refunds,refund_status,Ask about the status of an expected refund,train
refund_status_b019,Refund ka status kya hai? refund pending dikh raha hai,Returns & Refunds,refund_status,Ask about the status of an expected refund,train
refund_status_b020,"mujhe lagta hai, mera refund abhi kis stage par hai, refund kab tak aayega",Returns & Refunds,refund_status,Ask about the status of an expected refund,train
refund_status_b021,"refund initiate hua tha, ab refund pending dikh raha hai",Returns & Refunds,refund_status,Ask about the status of an expected refund,train
refund_status_b022,pls please refund track karwa do; refund kab tak aayega,Returns & Refunds,refund_status,Ask about the status of an expected refund,train
refund_status_b023,refund kab credit hoga? refund pending dikh raha hai?,Returns & Refunds,refund_status,Ask about the status of an expected refund,train
refund_status_b024,"Amount wapas aane ka update chahiye, refund kab tak aayega",Returns & Refunds,refund_status,Ask about the status of an expected refund,validation
refund_status_b025,"mujhe lagta hai, refund ka status kya hai? refund initiate hua tha",Returns & Refunds,refund_status,Ask about the status of an expected refund,train
refund_status_b026,"mera refund abhi kis stage par hai, refund process hua ya nahi",Returns & Refunds,refund_status,Ask about the status of an expected refund,train
refund_status_b027,"pls refund initiate hua tha, ab refund initiate hua tha",Returns & Refunds,refund_status,Ask about the status of an expected refund,train
refund_status_b028,please refund track karwa do; refund process hua ya nahi?,Returns & Refunds,refund_status,Ask about the status of an expected refund,test
refund_status_b029,Refund kab credit hoga? refund initiate hua tha,Returns & Refunds,refund_status,Ask about the status of an expected refund,train
refund_status_b030,"mujhe lagta hai, amount wapas aane ka update chahiye, refund process hua ya nahi",Returns & Refunds,refund_status,Ask about the status of an expected refund,train
refund_status_b031,refund ka status kya hai? bank mein refund abhi show nahi ho raha; refund process hua ya nahi,Returns & Refunds,refund_status,Ask about the status of an expected refund,train
refund_status_b032,"pls mera refund abhi kis stage par hai, refund ka status dekhna hai; refund kab tak aayega",Returns & Refunds,refund_status,Ask about the status of an expected refund,train
refund_status_b033,"refund initiate hua tha, ab bank mein refund abhi show nahi ho raha; bank mein refund abhi show nahi ho raha?",Returns & Refunds,refund_status,Ask about the status of an expected refund,train
refund_status_b034,Please refund track karwa do; refund ka status dekhna hai; refund initiate hua tha,Returns & Refunds,refund_status,Ask about the status of an expected refund,train
refund_status_b035,"mujhe lagta hai, refund kab credit hoga? bank mein refund abhi show nahi ho raha; refund pending dikh raha hai",Returns & Refunds,refund_status,Ask about the status of an expected refund,validation
refund_status_b036,"amount wapas aane ka update chahiye, refund ka status dekhna hai; refund ka status dekhna hai",Returns & Refunds,refund_status,Ask about the status of an expected refund,test
refund_status_b037,pls refund ka status kya hai? refund kab tak aayega; refund process hua ya nahi,Returns & Refunds,refund_status,Ask about the status of an expected refund,train
refund_status_b038,"mera refund abhi kis stage par hai, refund pending dikh raha hai; refund kab tak aayega?",Returns & Refunds,refund_status,Ask about the status of an expected refund,validation
refund_status_b039,"Refund initiate hua tha, ab refund kab tak aayega; bank mein refund abhi show nahi ho raha",Returns & Refunds,refund_status,Ask about the status of an expected refund,train
refund_status_b040,"mujhe lagta hai, please refund track karwa do; refund pending dikh raha hai; refund initiate hua tha",Returns & Refunds,refund_status,Ask about the status of an expected refund,train
refund_status_b041,refund kab credit hoga? refund kab tak aayega; refund pending dikh raha hai,Returns & Refunds,refund_status,Ask about the status of an expected refund,train
refund_status_b042,"pls amount wapas aane ka update chahiye, refund pending dikh raha hai; refund ka status dekhna hai",Returns & Refunds,refund_status,Ask about the status of an expected refund,train
refund_status_b043,refund ka status kya hai? refund process hua ya nahi; refund process hua ya nahi?,Returns & Refunds,refund_status,Ask about the status of an expected refund,train
refund_status_b044,"Mera refund abhi kis stage par hai, refund initiate hua tha; refund kab tak aayega",Returns & Refunds,refund_status,Ask about the status of an expected refund,train
refund_status_b045,"mujhe lagta hai, refund initiate hua tha, ab refund process hua ya nahi; bank mein refund abhi show nahi ho raha",Returns & Refunds,refund_status,Ask about the status of an expected refund,test
refund_status_b046,please refund track karwa do; refund initiate hua tha; refund initiate hua tha,Returns & Refunds,refund_status,Ask about the status of an expected refund,test
refund_status_b047,pls refund kab credit hoga? refund process hua ya nahi; refund pending dikh raha hai,Returns & Refunds,refund_status,Ask about the status of an expected refund,train
refund_status_b048,"amount wapas aane ka update chahiye, refund initiate hua tha; refund ka status dekhna hai?",Returns & Refunds,refund_status,Ask about the status of an expected refund,train
refund_status_b049,Refund ka status kya hai? refund ka status dekhna hai; refund process hua ya nahi,Returns & Refunds,refund_status,Ask about the status of an expected refund,train
refund_status_b050,"mujhe lagta hai, mera refund abhi kis stage par hai, bank mein refund abhi show nahi ho raha; refund kab tak aayega",Returns & Refunds,refund_status,Ask about the status of an expected refund,validation
refund_status_b051,"refund initiate hua tha, ab refund ka status dekhna hai; bank mein refund abhi show nahi ho raha",Returns & Refunds,refund_status,Ask about the status of an expected refund,train
refund_status_b052,pls please refund track karwa do; bank mein refund abhi show nahi ho raha; refund initiate hua tha,Returns & Refunds,refund_status,Ask about the status of an expected refund,validation
refund_status_b053,refund kab credit hoga? refund ka status dekhna hai; refund pending dikh raha hai?,Returns & Refunds,refund_status,Ask about the status of an expected refund,train
refund_status_b054,"Amount wapas aane ka update chahiye, bank mein refund abhi show nahi ho raha; refund ka status dekhna hai",Returns & Refunds,refund_status,Ask about the status of an expected refund,train
refund_status_b055,"mujhe lagta hai, refund ka status kya hai? refund pending dikh raha hai; refund process hua ya nahi",Returns & Refunds,refund_status,Ask about the status of an expected refund,train
refund_status_b056,"mera refund abhi kis stage par hai, refund kab tak aayega; refund kab tak aayega",Returns & Refunds,refund_status,Ask about the status of an expected refund,train
refund_status_b057,"pls refund initiate hua tha, ab refund pending dikh raha hai; bank mein refund abhi show nahi ho raha",Returns & Refunds,refund_status,Ask about the status of an expected refund,validation
refund_status_b058,please refund track karwa do; refund kab tak aayega; refund initiate hua tha?,Returns & Refunds,refund_status,Ask about the status of an expected refund,validation
refund_status_b059,Refund kab credit hoga? refund pending dikh raha hai; refund pending dikh raha hai,Returns & Refunds,refund_status,Ask about the status of an expected refund,train
refund_status_b060,"mujhe lagta hai, amount wapas aane ka update chahiye, refund kab tak aayega; refund ka status dekhna hai",Returns & Refunds,refund_status,Ask about the status of an expected refund,test
refund_after_cancellation_b001,"order cancel ho gaya, ab refund ka kya status hai? cancelled order ka paisa kab milega",Returns & Refunds,refund_after_cancellation,Ask when a refund will arrive after cancellation,train
refund_after_cancellation_b002,pls cancellation ke baad paise kab milenge? cancel hone ke baad amount wapas nahi aaya,Returns & Refunds,refund_after_cancellation,Ask when a refund will arrive after cancellation,validation
refund_after_cancellation_b003,cancelled order ka refund check karna hai; cancelled order ka paisa kab milega?,Returns & Refunds,refund_after_cancellation,Ask when a refund will arrive after cancellation,validation
refund_after_cancellation_b004,"Order cancel kiya tha, par cancel hone ke baad amount wapas nahi aaya",Returns & Refunds,refund_after_cancellation,Ask when a refund will arrive after cancellation,train
refund_after_cancellation_b005,"mujhe lagta hai, cancellation refund kab tak process hoga? cancelled order ka paisa kab milega",Returns & Refunds,refund_after_cancellation,Ask when a refund will arrive after cancellation,test
refund_after_cancellation_b006,"cancel ke baad amount return hone ka update do, cancel hone ke baad amount wapas nahi aaya",Returns & Refunds,refund_after_cancellation,Ask when a refund will arrive after cancellation,train
refund_after_cancellation_b007,"pls order cancel ho gaya, ab refund ka kya status hai? cancellation ke baad refund kab aayega",Returns & Refunds,refund_after_cancellation,Ask when a refund will arrive after cancellation,train
refund_after_cancellation_b008,cancellation ke baad paise kab milenge? cancelled order ka refund track karna hai?,Returns & Refunds,refund_after_cancellation,Ask when a refund will arrive after cancellation,validation
refund_after_cancellation_b009,Cancelled order ka refund check karna hai; cancellation ke baad refund kab aayega,Returns & Refunds,refund_after_cancellation,Ask when a refund will arrive after cancellation,train
refund_after_cancellation_b010,"mujhe lagta hai, order cancel kiya tha, par cancelled order ka refund track karna hai",Returns & Refunds,refund_after_cancellation,Ask when a refund will arrive after cancellation,train
refund_after_cancellation_b011,cancellation refund kab tak process hoga? cancellation ke baad refund kab aayega,Returns & Refunds,refund_after_cancellation,Ask when a refund will arrive after cancellation,train
refund_after_cancellation_b012,"pls cancel ke baad amount return hone ka update do, cancelled order ka refund track karna hai",Returns & Refunds,refund_after_cancellation,Ask when a refund will arrive after cancellation,validation
refund_after_cancellation_b013,"order cancel ho gaya, ab refund ka kya status hai? order cancel kar diya tha?",Returns & Refunds,refund_after_cancellation,Ask when a refund will arrive after cancellation,train
refund_after_cancellation_b014,Cancellation ke baad paise kab milenge? cancellation refund pending hai,Returns & Refunds,refund_after_cancellation,Ask when a refund will arrive after cancellation,train
refund_after_cancellation_b015,"mujhe lagta hai, cancelled order ka refund check karna hai; order cancel kar diya tha",Returns & Refunds,refund_after_cancellation,Ask when a refund will arrive after cancellation,train
refund_after_cancellation_b016,"order cancel kiya tha, par cancellation refund pending hai",Returns & Refunds,refund_after_cancellation,Ask when a refund will arrive after cancellation,train
refund_after_cancellation_b017,pls cancellation refund kab tak process hoga? order cancel kar diya tha,Returns & Refunds,refund_after_cancellation,Ask when a refund will arrive after cancellation,validation
refund_after_cancellation_b018,"cancel ke baad amount return hone ka update do, cancellation refund pending hai?",Returns & Refunds,refund_after_cancellation,Ask when a refund will arrive after cancellation,test
refund_after_cancellation_b019,"Order cancel ho gaya, ab refund ka kya status hai? cancel hone ke baad amount wapas nahi aaya",Returns & Refunds,refund_after_cancellation,Ask when a refund will arrive after cancellation,train
refund_after_cancellation_b020,"mujhe lagta hai, cancellation ke baad paise kab milenge? cancelled order ka paisa kab milega",Returns & Refunds,refund_after_cancellation,Ask when a refund will arrive after cancellation,train
refund_after_cancellation_b021,cancelled order ka refund check karna hai; cancel hone ke baad amount wapas nahi aaya,Returns & Refunds,refund_after_cancellation,Ask when a refund will arrive after cancellation,train
refund_after_cancellation_b022,"pls order cancel kiya tha, par cancelled order ka paisa kab milega",Returns & Refunds,refund_after_cancellation,Ask when a refund will arrive after cancellation,validation
refund_after_cancellation_b023,cancellation refund kab tak process hoga? cancel hone ke baad amount wapas nahi aaya?,Returns & Refunds,refund_after_cancellation,Ask when a refund will arrive after cancellation,test
refund_after_cancellation_b024,"Cancel ke baad amount return hone ka update do, cancelled order ka paisa kab milega",Returns & Refunds,refund_after_cancellation,Ask when a refund will arrive after cancellation,train
refund_after_cancellation_b025,"mujhe lagta hai, order cancel ho gaya, ab refund ka kya status hai? cancelled order ka refund track karna hai",Returns & Refunds,refund_after_cancellation,Ask when a refund will arrive after cancellation,train
refund_after_cancellation_b026,cancellation ke baad paise kab milenge? cancellation ke baad refund kab aayega,Returns & Refunds,refund_after_cancellation,Ask when a refund will arrive after cancellation,test
refund_after_cancellation_b027,pls cancelled order ka refund check karna hai; cancelled order ka refund track karna hai,Returns & Refunds,refund_after_cancellation,Ask when a refund will arrive after cancellation,train
refund_after_cancellation_b028,"order cancel kiya tha, par cancellation ke baad refund kab aayega?",Returns & Refunds,refund_after_cancellation,Ask when a refund will arrive after cancellation,train
refund_after_cancellation_b029,Cancellation refund kab tak process hoga? cancelled order ka refund track karna hai,Returns & Refunds,refund_after_cancellation,Ask when a refund will arrive after cancellation,train
refund_after_cancellation_b030,"mujhe lagta hai, cancel ke baad amount return hone ka update do, cancellation ke baad refund kab aayega",Returns & Refunds,refund_after_cancellation,Ask when a refund will arrive after cancellation,train
refund_after_cancellation_b031,"order cancel ho gaya, ab refund ka kya status hai? cancellation refund pending hai; cancellation ke baad refund kab aayega",Returns & Refunds,refund_after_cancellation,Ask when a refund will arrive after cancellation,train
refund_after_cancellation_b032,pls cancellation ke baad paise kab milenge? order cancel kar diya tha; cancelled order ka paisa kab milega,Returns & Refunds,refund_after_cancellation,Ask when a refund will arrive after cancellation,train
refund_after_cancellation_b033,cancelled order ka refund check karna hai; cancellation refund pending hai; cancellation refund pending hai?,Returns & Refunds,refund_after_cancellation,Ask when a refund will arrive after cancellation,test
refund_after_cancellation_b034,"Order cancel kiya tha, par order cancel kar diya tha; cancelled order ka refund track karna hai",Returns & Refunds,refund_after_cancellation,Ask when a refund will arrive after cancellation,train
refund_after_cancellation_b035,"mujhe lagta hai, cancellation refund kab tak process hoga? cancellation refund pending hai; cancel hone ke baad amount wapas nahi aaya",Returns & Refunds,refund_after_cancellation,Ask when a refund will arrive after cancellation,validation
refund_after_cancellation_b036,"cancel ke baad amount return hone ka update do, order cancel kar diya tha; order cancel kar diya tha",Returns & Refunds,refund_after_cancellation,Ask when a refund will arrive after cancellation,train
refund_after_cancellation_b037,"pls order cancel ho gaya, ab refund ka kya status hai? cancelled order ka paisa kab milega; cancellation ke baad refund kab aayega",Returns & Refunds,refund_after_cancellation,Ask when a refund will arrive after cancellation,train
refund_after_cancellation_b038,cancellation ke baad paise kab milenge? cancel hone ke baad amount wapas nahi aaya; cancelled order ka paisa kab milega?,Returns & Refunds,refund_after_cancellation,Ask when a refund will arrive after cancellation,validation
refund_after_cancellation_b039,Cancelled order ka refund check karna hai; cancelled order ka paisa kab milega; cancellation refund pending hai,Returns & Refunds,refund_after_cancellation,Ask when a refund will arrive after cancellation,train
refund_after_cancellation_b040,"mujhe lagta hai, order cancel kiya tha, par cancel hone ke baad amount wapas nahi aaya; cancelled order ka refund track karna hai",Returns & Refunds,refund_after_cancellation,Ask when a refund will arrive after cancellation,train
refund_after_cancellation_b041,cancellation refund kab tak process hoga? cancelled order ka paisa kab milega; cancel hone ke baad amount wapas nahi aaya,Returns & Refunds,refund_after_cancellation,Ask when a refund will arrive after cancellation,train
refund_after_cancellation_b042,"pls cancel ke baad amount return hone ka update do, cancel hone ke baad amount wapas nahi aaya; order cancel kar diya tha",Returns & Refunds,refund_after_cancellation,Ask when a refund will arrive after cancellation,test
refund_after_cancellation_b043,"order cancel ho gaya, ab refund ka kya status hai? cancellation ke baad refund kab aayega; cancellation ke baad refund kab aayega?",Returns & Refunds,refund_after_cancellation,Ask when a refund will arrive after cancellation,train
refund_after_cancellation_b044,Cancellation ke baad paise kab milenge? cancelled order ka refund track karna hai; cancelled order ka paisa kab milega,Returns & Refunds,refund_after_cancellation,Ask when a refund will arrive after cancellation,test
refund_after_cancellation_b045,"mujhe lagta hai, cancelled order ka refund check karna hai; cancellation ke baad refund kab aayega; cancellation refund pending hai",Returns & Refunds,refund_after_cancellation,Ask when a refund will arrive after cancellation,train
refund_after_cancellation_b046,"order cancel kiya tha, par cancelled order ka refund track karna hai; cancelled order ka refund track karna hai",Returns & Refunds,refund_after_cancellation,Ask when a refund will arrive after cancellation,train
refund_after_cancellation_b047,pls cancellation refund kab tak process hoga? cancellation ke baad refund kab aayega; cancel hone ke baad amount wapas nahi aaya,Returns & Refunds,refund_after_cancellation,Ask when a refund will arrive after cancellation,validation
refund_after_cancellation_b048,"cancel ke baad amount return hone ka update do, cancelled order ka refund track karna hai; order cancel kar diya tha?",Returns & Refunds,refund_after_cancellation,Ask when a refund will arrive after cancellation,train
refund_after_cancellation_b049,"Order cancel ho gaya, ab refund ka kya status hai? order cancel kar diya tha; cancellation ke baad refund kab aayega",Returns & Refunds,refund_after_cancellation,Ask when a refund will arrive after cancellation,train
refund_after_cancellation_b050,"mujhe lagta hai, cancellation ke baad paise kab milenge? cancellation refund pending hai; cancelled order ka paisa kab milega",Returns & Refunds,refund_after_cancellation,Ask when a refund will arrive after cancellation,test
refund_after_cancellation_b051,cancelled order ka refund check karna hai; order cancel kar diya tha; cancellation refund pending hai,Returns & Refunds,refund_after_cancellation,Ask when a refund will arrive after cancellation,train
refund_after_cancellation_b052,"pls order cancel kiya tha, par cancellation refund pending hai; cancelled order ka refund track karna hai",Returns & Refunds,refund_after_cancellation,Ask when a refund will arrive after cancellation,train
refund_after_cancellation_b053,cancellation refund kab tak process hoga? order cancel kar diya tha; cancel hone ke baad amount wapas nahi aaya?,Returns & Refunds,refund_after_cancellation,Ask when a refund will arrive after cancellation,train
refund_after_cancellation_b054,"Cancel ke baad amount return hone ka update do, cancellation refund pending hai; order cancel kar diya tha",Returns & Refunds,refund_after_cancellation,Ask when a refund will arrive after cancellation,train
refund_after_cancellation_b055,"mujhe lagta hai, order cancel ho gaya, ab refund ka kya status hai? cancel hone ke baad amount wapas nahi aaya; cancellation ke baad refund kab aayega",Returns & Refunds,refund_after_cancellation,Ask when a refund will arrive after cancellation,train
refund_after_cancellation_b056,cancellation ke baad paise kab milenge? cancelled order ka paisa kab milega; cancelled order ka paisa kab milega,Returns & Refunds,refund_after_cancellation,Ask when a refund will arrive after cancellation,test
refund_after_cancellation_b057,pls cancelled order ka refund check karna hai; cancel hone ke baad amount wapas nahi aaya; cancellation refund pending hai,Returns & Refunds,refund_after_cancellation,Ask when a refund will arrive after cancellation,train
refund_after_cancellation_b058,"order cancel kiya tha, par cancelled order ka paisa kab milega; cancelled order ka refund track karna hai?",Returns & Refunds,refund_after_cancellation,Ask when a refund will arrive after cancellation,train
refund_after_cancellation_b059,Cancellation refund kab tak process hoga? cancel hone ke baad amount wapas nahi aaya; cancel hone ke baad amount wapas nahi aaya,Returns & Refunds,refund_after_cancellation,Ask when a refund will arrive after cancellation,train
refund_after_cancellation_b060,"mujhe lagta hai, cancel ke baad amount return hone ka update do, cancelled order ka paisa kab milega; order cancel kar diya tha",Returns & Refunds,refund_after_cancellation,Ask when a refund will arrive after cancellation,train
refund_missing_b001,refund expected tha lekin refund approved tha par paisa nahi mila,Returns & Refunds,refund_missing,Expected refund has not been received,validation
refund_missing_b002,"pls refund complete dikh raha hai, phir bhi wallet mein refund credit nahi hua",Returns & Refunds,refund_missing,Expected refund has not been received,train
refund_missing_b003,mere paise abhi tak refund nahi hue; refund approved tha par paisa nahi mila?,Returns & Refunds,refund_missing,Expected refund has not been received,train
refund_missing_b004,Refund date nikal gayi aur wallet mein refund credit nahi hua,Returns & Refunds,refund_missing,Expected refund has not been received,train
refund_missing_b005,"mujhe lagta hai, please missing refund check karo, refund approved tha par paisa nahi mila",Returns & Refunds,refund_missing,Expected refund has not been received,train
refund_missing_b006,"refund ka confirmation mila tha, par wallet mein refund credit nahi hua",Returns & Refunds,refund_missing,Expected refund has not been received,train
refund_missing_b007,pls refund expected tha lekin refund date nikal gayi,Returns & Refunds,refund_missing,Expected refund has not been received,train
refund_missing_b008,"refund complete dikh raha hai, phir bhi refund complete dikh raha hai par amount missing hai?",Returns & Refunds,refund_missing,Expected refund has not been received,train
refund_missing_b009,Mere paise abhi tak refund nahi hue; refund date nikal gayi,Returns & Refunds,refund_missing,Expected refund has not been received,train
refund_missing_b010,"mujhe lagta hai, refund date nikal gayi aur refund complete dikh raha hai par amount missing hai",Returns & Refunds,refund_missing,Expected refund has not been received,train
refund_missing_b011,"please missing refund check karo, refund date nikal gayi",Returns & Refunds,refund_missing,Expected refund has not been received,train
refund_missing_b012,"pls refund ka confirmation mila tha, par refund complete dikh raha hai par amount missing hai",Returns & Refunds,refund_missing,Expected refund has not been received,test
refund_missing_b013,refund expected tha lekin bank account mein refund nahi aaya?,Returns & Refunds,refund_missing,Expected refund has not been received,train
refund_missing_b014,"Refund complete dikh raha hai, phir bhi kaafi din se refund ka wait hai",Returns & Refunds,refund_missing,Expected refund has not been received,validation
refund_missing_b015,"mujhe lagta hai, mere paise abhi tak refund nahi hue; bank account mein refund nahi aaya",Returns & Refunds,refund_missing,Expected refund has not been received,train
refund_missing_b016,refund date nikal gayi aur kaafi din se refund ka wait hai,Returns & Refunds,refund_missing,Expected refund has not been received,train
refund_missing_b017,"pls please missing refund check karo, bank account mein refund nahi aaya",Returns & Refunds,refund_missing,Expected refund has not been received,train
refund_missing_b018,"refund ka confirmation mila tha, par kaafi din se refund ka wait hai?",Returns & Refunds,refund_missing,Expected refund has not been received,train
refund_missing_b019,Refund expected tha lekin wallet mein refund credit nahi hua,Returns & Refunds,refund_missing,Expected refund has not been received,validation
refund_missing_b020,"mujhe lagta hai, refund complete dikh raha hai, phir bhi refund approved tha par paisa nahi mila",Returns & Refunds,refund_missing,Expected refund has not been received,test
refund_missing_b021,mere paise abhi tak refund nahi hue; wallet mein refund credit nahi hua,Returns & Refunds,refund_missing,Expected refund has not been received,train
refund_missing_b022,pls refund date nikal gayi aur refund approved tha par paisa nahi mila,Returns & Refunds,refund_missing,Expected refund has not been received,train
refund_missing_b023,"please missing refund check karo, wallet mein refund credit nahi hua?",Returns & Refunds,refund_missing,Expected refund has not been received,train
refund_missing_b024,"Refund ka confirmation mila tha, par refund approved tha par paisa nahi mila",Returns & Refunds,refund_missing,Expected refund has not been received,train
refund_missing_b025,"mujhe lagta hai, refund expected tha lekin refund complete dikh raha hai par amount missing hai",Returns & Refunds,refund_missing,Expected refund has not been received,test
refund_missing_b026,"refund complete dikh raha hai, phir bhi refund date nikal gayi",Returns & Refunds,refund_missing,Expected refund has not been received,test
refund_missing_b027,pls mere paise abhi tak refund nahi hue; refund complete dikh raha hai par amount missing hai,Returns & Refunds,refund_missing,Expected refund has not been received,train
refund_missing_b028,refund date nikal gayi aur refund date nikal gayi?,Returns & Refunds,refund_missing,Expected refund has not been received,validation
refund_missing_b029,"Please missing refund check karo, refund complete dikh raha hai par amount missing hai",Returns & Refunds,refund_missing,Expected refund has not been received,train
refund_missing_b030,"mujhe lagta hai, refund ka confirmation mila tha, par refund date nikal gayi",Returns & Refunds,refund_missing,Expected refund has not been received,train
refund_missing_b031,refund expected tha lekin kaafi din se refund ka wait hai; refund date nikal gayi,Returns & Refunds,refund_missing,Expected refund has not been received,train
refund_missing_b032,"pls refund complete dikh raha hai, phir bhi bank account mein refund nahi aaya; refund approved tha par paisa nahi mila",Returns & Refunds,refund_missing,Expected refund has not been received,train
refund_missing_b033,mere paise abhi tak refund nahi hue; kaafi din se refund ka wait hai; kaafi din se refund ka wait hai?,Returns & Refunds,refund_missing,Expected refund has not been received,train
refund_missing_b034,Refund date nikal gayi aur bank account mein refund nahi aaya; refund complete dikh raha hai par amount missing hai,Returns & Refunds,refund_missing,Expected refund has not been received,train
refund_missing_b035,"mujhe lagta hai, please missing refund check karo, kaafi din se refund ka wait hai; wallet mein refund credit nahi hua",Returns & Refunds,refund_missing,Expected refund has not been received,train
refund_missing_b036,"refund ka confirmation mila tha, par bank account mein refund nahi aaya; bank account mein refund nahi aaya",Returns & Refunds,refund_missing,Expected refund has not been received,validation
refund_missing_b037,pls refund expected tha lekin refund approved tha par paisa nahi mila; refund date nikal gayi,Returns & Refunds,refund_missing,Expected refund has not been received,test
refund_missing_b038,"refund complete dikh raha hai, phir bhi wallet mein refund credit nahi hua; refund approved tha par paisa nahi mila?",Returns & Refunds,refund_missing,Expected refund has not been received,validation
refund_missing_b039,Mere paise abhi tak refund nahi hue; refund approved tha par paisa nahi mila; kaafi din se refund ka wait hai,Returns & Refunds,refund_missing,Expected refund has not been received,validation
refund_missing_b040,"mujhe lagta hai, refund date nikal gayi aur wallet mein refund credit nahi hua; refund complete dikh raha hai par amount missing hai",Returns & Refunds,refund_missing,Expected refund has not been received,test
refund_missing_b041,"please missing refund check karo, refund approved tha par paisa nahi mila; wallet mein refund credit nahi hua",Returns & Refunds,refund_missing,Expected refund has not been received,train
refund_missing_b042,"pls refund ka confirmation mila tha, par wallet mein refund credit nahi hua; bank account mein refund nahi aaya",Returns & Refunds,refund_missing,Expected refund has not been received,validation
refund_missing_b043,refund expected tha lekin refund date nikal gayi; refund date nikal gayi?,Returns & Refunds,refund_missing,Expected refund has not been received,test
refund_missing_b044,"Refund complete dikh raha hai, phir bhi refund complete dikh raha hai par amount missing hai; refund approved tha par paisa nahi mila",Returns & Refunds,refund_missing,Expected refund has not been received,test
refund_missing_b045,"mujhe lagta hai, mere paise abhi tak refund nahi hue; refund date nikal gayi; kaafi din se refund ka wait hai",Returns & Refunds,refund_missing,Expected refund has not been received,train
refund_missing_b046,refund date nikal gayi aur refund complete dikh raha hai par amount missing hai; refund complete dikh raha hai par amount missing hai,Returns & Refunds,refund_missing,Expected refund has not been received,train
refund_missing_b047,"pls please missing refund check karo, refund date nikal gayi; wallet mein refund credit nahi hua",Returns & Refunds,refund_missing,Expected refund has not been received,train
refund_missing_b048,"refund ka confirmation mila tha, par refund complete dikh raha hai par amount missing hai; bank account mein refund nahi aaya?",Returns & Refunds,refund_missing,Expected refund has not been received,test
refund_missing_b049,Refund expected tha lekin bank account mein refund nahi aaya; refund date nikal gayi,Returns & Refunds,refund_missing,Expected refund has not been received,train
refund_missing_b050,"mujhe lagta hai, refund complete dikh raha hai, phir bhi kaafi din se refund ka wait hai; refund approved tha par paisa nahi mila",Returns & Refunds,refund_missing,Expected refund has not been received,train
refund_missing_b051,mere paise abhi tak refund nahi hue; bank account mein refund nahi aaya; kaafi din se refund ka wait hai,Returns & Refunds,refund_missing,Expected refund has not been received,train
refund_missing_b052,pls refund date nikal gayi aur kaafi din se refund ka wait hai; refund complete dikh raha hai par amount missing hai,Returns & Refunds,refund_missing,Expected refund has not been received,train
refund_missing_b053,"please missing refund check karo, bank account mein refund nahi aaya; wallet mein refund credit nahi hua?",Returns & Refunds,refund_missing,Expected refund has not been received,validation
refund_missing_b054,"Refund ka confirmation mila tha, par kaafi din se refund ka wait hai; bank account mein refund nahi aaya",Returns & Refunds,refund_missing,Expected refund has not been received,train
refund_missing_b055,"mujhe lagta hai, refund expected tha lekin wallet mein refund credit nahi hua; refund date nikal gayi",Returns & Refunds,refund_missing,Expected refund has not been received,train
refund_missing_b056,"refund complete dikh raha hai, phir bhi refund approved tha par paisa nahi mila; refund approved tha par paisa nahi mila",Returns & Refunds,refund_missing,Expected refund has not been received,train
refund_missing_b057,pls mere paise abhi tak refund nahi hue; wallet mein refund credit nahi hua; kaafi din se refund ka wait hai,Returns & Refunds,refund_missing,Expected refund has not been received,train
refund_missing_b058,refund date nikal gayi aur refund approved tha par paisa nahi mila; refund complete dikh raha hai par amount missing hai?,Returns & Refunds,refund_missing,Expected refund has not been received,train
refund_missing_b059,"Please missing refund check karo, wallet mein refund credit nahi hua; wallet mein refund credit nahi hua",Returns & Refunds,refund_missing,Expected refund has not been received,train
refund_missing_b060,"mujhe lagta hai, refund ka confirmation mila tha, par refund approved tha par paisa nahi mila; bank account mein refund nahi aaya",Returns & Refunds,refund_missing,Expected refund has not been received,train
payment_failed_b001,payment fail ho gayi kyunki payment baar baar fail ho rahi hai,Payments,payment_failed,Payment attempt failed,train
payment_failed_b002,pls transaction unsuccessful aa raha hai; payment dobara kaise karun?,Payments,payment_failed,Payment attempt failed,train
payment_failed_b003,"checkout par payment nahi ho rahi, payment baar baar fail ho rahi hai?",Payments,payment_failed,Payment attempt failed,train
payment_failed_b004,"Transaction unsuccessful aa rahi hai, transaction unsuccessful aa raha hai",Payments,payment_failed,Payment attempt failed,test
payment_failed_b005,"mujhe lagta hai, payment attempt reject ho gaya; payment baar baar fail ho rahi hai",Payments,payment_failed,Payment attempt failed,train
payment_failed_b006,"please help, transaction unsuccessful aa raha hai",Payments,payment_failed,Payment attempt failed,train
payment_failed_b007,pls payment fail ho gayi kyunki card se payment nahi hui,Payments,payment_failed,Payment attempt failed,train
payment_failed_b008,checkout par payment error hai; payment dobara kaise karun??,Payments,payment_failed,Payment attempt failed,test
payment_failed_b009,"Checkout par payment nahi ho rahi, card se payment nahi hui",Payments,payment_failed,Payment attempt failed,validation
payment_failed_b010,"mujhe lagta hai, transaction unsuccessful aa rahi hai, checkout par payment error hai",Payments,payment_failed,Payment attempt failed,train
payment_failed_b011,payment attempt reject ho gaya; card se payment nahi hui,Payments,payment_failed,Payment attempt failed,train
payment_failed_b012,"pls please help, checkout par payment error hai",Payments,payment_failed,Payment attempt failed,test
payment_failed_b013,payment fail ho gayi kyunki UPI payment reject ho gayi?,Payments,payment_failed,Payment attempt failed,train
payment_failed_b014,Paisa cutne se pehle payment fail ho gayi; payment dobara kaise karun?,Payments,payment_failed,Payment attempt failed,train
payment_failed_b015,"mujhe lagta hai, checkout par payment nahi ho rahi, UPI payment reject ho gayi",Payments,payment_failed,Payment attempt failed,train
payment_failed_b016,"transaction unsuccessful aa rahi hai, paisa cutne se pehle payment fail ho gayi",Payments,payment_failed,Payment attempt failed,test
payment_failed_b017,pls payment attempt reject ho gaya; UPI payment reject ho gayi,Payments,payment_failed,Payment attempt failed,train
payment_failed_b018,"please help, paisa cutne se pehle payment fail ho gayi?",Payments,payment_failed,Payment attempt failed,train
payment_failed_b019,Payment fail ho gayi kyunki transaction unsuccessful aa raha hai,Payments,payment_failed,Payment attempt failed,train
payment_failed_b020,"mujhe lagta hai, payment baar baar fail ho rahi hai; payment dobara kaise karun?",Payments,payment_failed,Payment attempt failed,train
payment_failed_b021,"checkout par payment nahi ho rahi, transaction unsuccessful aa raha hai",Payments,payment_failed,Payment attempt failed,validation
payment_failed_b022,"pls transaction unsuccessful aa rahi hai, payment baar baar fail ho rahi hai",Payments,payment_failed,Payment attempt failed,train
payment_failed_b023,payment attempt reject ho gaya; transaction unsuccessful aa raha hai?,Payments,payment_failed,Payment attempt failed,train
payment_failed_b024,"Please help, payment baar baar fail ho rahi hai",Payments,payment_failed,Payment attempt failed,train
payment_failed_b025,"mujhe lagta hai, payment fail ho gayi kyunki checkout par payment error hai",Payments,payment_failed,Payment attempt failed,train
payment_failed_b026,card se payment nahi hui; payment dobara kaise karun?,Payments,payment_failed,Payment attempt failed,train
payment_failed_b027,"pls checkout par payment nahi ho rahi, checkout par payment error hai",Payments,payment_failed,Payment attempt failed,train
payment_failed_b028,"transaction unsuccessful aa rahi hai, card se payment nahi hui?",Payments,payment_failed,Payment attempt failed,train
payment_failed_b029,Payment attempt reject ho gaya; checkout par payment error hai,Payments,payment_failed,Payment attempt failed,validation
payment_failed_b030,"mujhe lagta hai, please help, card se payment nahi hui",Payments,payment_failed,Payment attempt failed,test
payment_failed_b031,payment fail ho gayi kyunki paisa cutne se pehle payment fail ho gayi; card se payment nahi hui,Payments,payment_failed,Payment attempt failed,train
payment_failed_b032,pls UPI payment reject ho gayi; payment baar baar fail ho rahi hai; payment dobara kaise karun?,Payments,payment_failed,Payment attempt failed,train
payment_failed_b033,"checkout par payment nahi ho rahi, paisa cutne se pehle payment fail ho gayi; paisa cutne se pehle payment fail ho gayi?",Payments,payment_failed,Payment attempt failed,train
payment_failed_b034,"Transaction unsuccessful aa rahi hai, upi payment reject ho gayi; checkout par payment error hai",Payments,payment_failed,Payment attempt failed,test
payment_failed_b035,"mujhe lagta hai, payment attempt reject ho gaya; paisa cutne se pehle payment fail ho gayi; transaction unsuccessful aa raha hai",Payments,payment_failed,Payment attempt failed,train
payment_failed_b036,"please help, UPI payment reject ho gayi; UPI payment reject ho gayi",Payments,payment_failed,Payment attempt failed,test
payment_failed_b037,pls payment fail ho gayi kyunki payment baar baar fail ho rahi hai; card se payment nahi hui,Payments,payment_failed,Payment attempt failed,train
payment_failed_b038,transaction unsuccessful aa raha hai; payment baar baar fail ho rahi hai; payment dobara kaise karun??,Payments,payment_failed,Payment attempt failed,train
payment_failed_b039,"Checkout par payment nahi ho rahi, payment baar baar fail ho rahi hai; paisa cutne se pehle payment fail ho gayi",Payments,payment_failed,Payment attempt failed,validation
payment_failed_b040,"mujhe lagta hai, transaction unsuccessful aa rahi hai, transaction unsuccessful aa raha hai; checkout par payment error hai",Payments,payment_failed,Payment attempt failed,train
payment_failed_b041,payment attempt reject ho gaya; payment baar baar fail ho rahi hai; transaction unsuccessful aa raha hai,Payments,payment_failed,Payment attempt failed,train
payment_failed_b042,"pls please help, transaction unsuccessful aa raha hai; UPI payment reject ho gayi",Payments,payment_failed,Payment attempt failed,train
payment_failed_b043,payment fail ho gayi kyunki card se payment nahi hui; card se payment nahi hui?,Payments,payment_failed,Payment attempt failed,validation
payment_failed_b044,Checkout par payment error hai; payment baar baar fail ho rahi hai; payment dobara kaise karun?,Payments,payment_failed,Payment attempt failed,train
payment_failed_b045,"mujhe lagta hai, checkout par payment nahi ho rahi, card se payment nahi hui; paisa cutne se pehle payment fail ho gayi",Payments,payment_failed,Payment attempt failed,test
payment_failed_b046,"transaction unsuccessful aa rahi hai, checkout par payment error hai; checkout par payment error hai",Payments,payment_failed,Payment attempt failed,train
payment_failed_b047,pls payment attempt reject ho gaya; card se payment nahi hui; transaction unsuccessful aa raha hai,Payments,payment_failed,Payment attempt failed,train
payment_failed_b048,"please help, checkout par payment error hai; UPI payment reject ho gayi?",Payments,payment_failed,Payment attempt failed,train
payment_failed_b049,Payment fail ho gayi kyunki upi payment reject ho gayi; card se payment nahi hui,Payments,payment_failed,Payment attempt failed,train
payment_failed_b050,"mujhe lagta hai, paisa cutne se pehle payment fail ho gayi; payment baar baar fail ho rahi hai; payment dobara kaise karun?",Payments,payment_failed,Payment attempt failed,train
payment_failed_b051,"checkout par payment nahi ho rahi, UPI payment reject ho gayi; paisa cutne se pehle payment fail ho gayi",Payments,payment_failed,Payment attempt failed,validation
payment_failed_b052,"pls transaction unsuccessful aa rahi hai, paisa cutne se pehle payment fail ho gayi; checkout par payment error hai",Payments,payment_failed,Payment attempt failed,test
payment_failed_b053,payment attempt reject ho gaya; UPI payment reject ho gayi; transaction unsuccessful aa raha hai?,Payments,payment_failed,Payment attempt failed,train
payment_failed_b054,"Please help, paisa cutne se pehle payment fail ho gayi; upi payment reject ho gayi",Payments,payment_failed,Payment attempt failed,validation
payment_failed_b055,"mujhe lagta hai, payment fail ho gayi kyunki transaction unsuccessful aa raha hai; card se payment nahi hui",Payments,payment_failed,Payment attempt failed,train
payment_failed_b056,payment baar baar fail ho rahi hai; payment baar baar fail ho rahi hai; payment dobara kaise karun?,Payments,payment_failed,Payment attempt failed,validation
payment_failed_b057,"pls checkout par payment nahi ho rahi, transaction unsuccessful aa raha hai; paisa cutne se pehle payment fail ho gayi",Payments,payment_failed,Payment attempt failed,validation
payment_failed_b058,"transaction unsuccessful aa rahi hai, payment baar baar fail ho rahi hai; checkout par payment error hai?",Payments,payment_failed,Payment attempt failed,train
payment_failed_b059,Payment attempt reject ho gaya; transaction unsuccessful aa raha hai; transaction unsuccessful aa raha hai,Payments,payment_failed,Payment attempt failed,train
payment_failed_b060,"mujhe lagta hai, please help, payment baar baar fail ho rahi hai; UPI payment reject ho gayi",Payments,payment_failed,Payment attempt failed,train
payment_pending_b001,"payment pending hai, payment pending dikh rahi hai",Payments,payment_pending,Payment is pending,validation
payment_pending_b002,pls payment complete nahi hui par fail bhi nahi hai; transaction kab complete hogi?,Payments,payment_pending,Payment is pending,test
payment_pending_b003,"payment processing mein atki hai, payment pending dikh rahi hai?",Payments,payment_pending,Payment is pending,train
payment_pending_b004,"Payment fail nahi hui but complete bhi nahi, payment complete nahi hui par fail bhi nahi hai",Payments,payment_pending,Payment is pending,train
payment_pending_b005,"mujhe lagta hai, please pending payment check karo, payment pending dikh rahi hai",Payments,payment_pending,Payment is pending,train
payment_pending_b006,"transaction ka final status nahi aa raha, payment complete nahi hui par fail bhi nahi hai",Payments,payment_pending,Payment is pending,train
payment_pending_b007,"pls payment pending hai, transaction abhi processing mein hai",Payments,payment_pending,Payment is pending,train
payment_pending_b008,bank se response nahi aaya; transaction kab complete hogi??,Payments,payment_pending,Payment is pending,train
payment_pending_b009,"Payment processing mein atki hai, transaction abhi processing mein hai",Payments,payment_pending,Payment is pending,train
payment_pending_b010,"mujhe lagta hai, payment fail nahi hui but complete bhi nahi, bank se response nahi aaya",Payments,payment_pending,Payment is pending,train
payment_pending_b011,"please pending payment check karo, transaction abhi processing mein hai",Payments,payment_pending,Payment is pending,train
payment_pending_b012,"pls transaction ka final status nahi aa raha, bank se response nahi aaya",Payments,payment_pending,Payment is pending,train
payment_pending_b013,"payment pending hai, UPI ka status pending hai?",Payments,payment_pending,Payment is pending,train
payment_pending_b014,Kaafi der se payment processing mein hai; transaction kab complete hogi?,Payments,payment_pending,Payment is pending,test
payment_pending_b015,"mujhe lagta hai, payment processing mein atki hai, UPI ka status pending hai",Payments,payment_pending,Payment is pending,train
payment_pending_b016,"payment fail nahi hui but complete bhi nahi, kaafi der se payment processing mein hai",Payments,payment_pending,Payment is pending,train
payment_pending_b017,"pls please pending payment check karo, UPI ka status pending hai",Payments,payment_pending,Payment is pending,train
payment_pending_b018,"transaction ka final status nahi aa raha, kaafi der se payment processing mein hai?",Payments,payment_pending,Payment is pending,train
payment_pending_b019,"Payment pending hai, payment complete nahi hui par fail bhi nahi hai",Payments,payment_pending,Payment is pending,train
payment_pending_b020,"mujhe lagta hai, payment pending dikh rahi hai; transaction kab complete hogi?",Payments,payment_pending,Payment is pending,validation
payment_pending_b021,"payment processing mein atki hai, payment complete nahi hui par fail bhi nahi hai",Payments,payment_pending,Payment is pending,train
payment_pending_b022,"pls payment fail nahi hui but complete bhi nahi, payment pending dikh rahi hai",Payments,payment_pending,Payment is pending,train
payment_pending_b023,"please pending payment check karo, payment complete nahi hui par fail bhi nahi hai?",Payments,payment_pending,Payment is pending,validation
payment_pending_b024,"Transaction ka final status nahi aa raha, payment pending dikh rahi hai",Payments,payment_pending,Payment is pending,train
payment_pending_b025,"mujhe lagta hai, payment pending hai, bank se response nahi aaya",Payments,payment_pending,Payment is pending,test
payment_pending_b026,transaction abhi processing mein hai; transaction kab complete hogi?,Payments,payment_pending,Payment is pending,train
payment_pending_b027,"pls payment processing mein atki hai, bank se response nahi aaya",Payments,payment_pending,Payment is pending,test
payment_pending_b028,"payment fail nahi hui but complete bhi nahi, transaction abhi processing mein hai?",Payments,payment_pending,Payment is pending,train
payment_pending_b029,"Please pending payment check karo, bank se response nahi aaya",Payments,payment_pending,Payment is pending,train
payment_pending_b030,"mujhe lagta hai, transaction ka final status nahi aa raha, transaction abhi processing mein hai",Payments,payment_pending,Payment is pending,train
payment_pending_b031,"payment pending hai, kaafi der se payment processing mein hai; transaction abhi processing mein hai",Payments,payment_pending,Payment is pending,validation
payment_pending_b032,pls UPI ka status pending hai; payment pending dikh rahi hai; transaction kab complete hogi?,Payments,payment_pending,Payment is pending,train
payment_pending_b033,"payment processing mein atki hai, kaafi der se payment processing mein hai; kaafi der se payment processing mein hai?",Payments,payment_pending,Payment is pending,train
payment_pending_b034,"Payment fail nahi hui but complete bhi nahi, upi ka status pending hai; bank se response nahi aaya",Payments,payment_pending,Payment is pending,train
payment_pending_b035,"mujhe lagta hai, please pending payment check karo, kaafi der se payment processing mein hai; payment complete nahi hui par fail bhi nahi hai",Payments,payment_pending,Payment is pending,validation
payment_pending_b036,"transaction ka final status nahi aa raha, UPI ka status pending hai; UPI ka status pending hai",Payments,payment_pending,Payment is pending,train
payment_pending_b037,"pls payment pending hai, payment pending dikh rahi hai; transaction abhi processing mein hai",Payments,payment_pending,Payment is pending,validation
payment_pending_b038,payment complete nahi hui par fail bhi nahi hai; payment pending dikh rahi hai; transaction kab complete hogi??,Payments,payment_pending,Payment is pending,test
payment_pending_b039,"Payment processing mein atki hai, payment pending dikh rahi hai; kaafi der se payment processing mein hai",Payments,payment_pending,Payment is pending,train
payment_pending_b040,"mujhe lagta hai, payment fail nahi hui but complete bhi nahi, payment complete nahi hui par fail bhi nahi hai; bank se response nahi aaya",Payments,payment_pending,Payment is pending,train
payment_pending_b041,"please pending payment check karo, payment pending dikh rahi hai; payment complete nahi hui par fail bhi nahi hai",Payments,payment_pending,Payment is pending,train
payment_pending_b042,"pls transaction ka final status nahi aa raha, payment complete nahi hui par fail bhi nahi hai; UPI ka status pending hai",Payments,payment_pending,Payment is pending,train
payment_pending_b043,"payment pending hai, transaction abhi processing mein hai; transaction abhi processing mein hai?",Payments,payment_pending,Payment is pending,train
payment_pending_b044,Bank se response nahi aaya; payment pending dikh rahi hai; transaction kab complete hogi?,Payments,payment_pending,Payment is pending,train
payment_pending_b045,"mujhe lagta hai, payment processing mein atki hai, transaction abhi processing mein hai; kaafi der se payment processing mein hai",Payments,payment_pending,Payment is pending,test
payment_pending_b046,"payment fail nahi hui but complete bhi nahi, bank se response nahi aaya; bank se response nahi aaya",Payments,payment_pending,Payment is pending,train
payment_pending_b047,"pls please pending payment check karo, transaction abhi processing mein hai; payment complete nahi hui par fail bhi nahi hai",Payments,payment_pending,Payment is pending,train
payment_pending_b048,"transaction ka final status nahi aa raha, bank se response nahi aaya; UPI ka status pending hai?",Payments,payment_pending,Payment is pending,train
payment_pending_b049,"Payment pending hai, upi ka status pending hai; transaction abhi processing mein hai",Payments,payment_pending,Payment is pending,test
payment_pending_b050,"mujhe lagta hai, kaafi der se payment processing mein hai; payment pending dikh rahi hai; transaction kab complete hogi?",Payments,payment_pending,Payment is pending,test
payment_pending_b051,"payment processing mein atki hai, UPI ka status pending hai; kaafi der se payment processing mein hai",Payments,payment_pending,Payment is pending,train
payment_pending_b052,"pls payment fail nahi hui but complete bhi nahi, kaafi der se payment processing mein hai; bank se response nahi aaya",Payments,payment_pending,Payment is pending,train
payment_pending_b053,"please pending payment check karo, UPI ka status pending hai; payment complete nahi hui par fail bhi nahi hai?",Payments,payment_pending,Payment is pending,train
payment_pending_b054,"Transaction ka final status nahi aa raha, kaafi der se payment processing mein hai; upi ka status pending hai",Payments,payment_pending,Payment is pending,test
payment_pending_b055,"mujhe lagta hai, payment pending hai, payment complete nahi hui par fail bhi nahi hai; transaction abhi processing mein hai",Payments,payment_pending,Payment is pending,train
payment_pending_b056,payment pending dikh rahi hai; payment pending dikh rahi hai; transaction kab complete hogi?,Payments,payment_pending,Payment is pending,validation
payment_pending_b057,"pls payment processing mein atki hai, payment complete nahi hui par fail bhi nahi hai; kaafi der se payment processing mein hai",Payments,payment_pending,Payment is pending,validation
payment_pending_b058,"payment fail nahi hui but complete bhi nahi, payment pending dikh rahi hai; bank se response nahi aaya?",Payments,payment_pending,Payment is pending,validation
payment_pending_b059,"Please pending payment check karo, payment complete nahi hui par fail bhi nahi hai; payment complete nahi hui par fail bhi nahi hai",Payments,payment_pending,Payment is pending,train
payment_pending_b060,"mujhe lagta hai, transaction ka final status nahi aa raha, payment pending dikh rahi hai; UPI ka status pending hai",Payments,payment_pending,Payment is pending,train
wrong_charge_b001,mujhe galat amount charge hua: expected se zyada charge hua,Payments,wrong_charge,A charge/amount is incorrect,train
wrong_charge_b002,"pls charged amount expected nahi hai, discount apply nahi hua",Payments,wrong_charge,A charge/amount is incorrect,test
wrong_charge_b003,bill/statement mein issue hai kyunki expected se zyada charge hua?,Payments,wrong_charge,A charge/amount is incorrect,validation
wrong_charge_b004,Payment ho gayi par amount mismatch hai; discount apply nahi hua,Payments,wrong_charge,A charge/amount is incorrect,validation
wrong_charge_b005,"mujhe lagta hai, please extra/wrong charge check karo, expected se zyada charge hua",Payments,wrong_charge,A charge/amount is incorrect,validation
wrong_charge_b006,"checkout par kuch aur tha, charge kuch aur hua: discount apply nahi hua",Payments,wrong_charge,A charge/amount is incorrect,test
wrong_charge_b007,pls mujhe galat amount charge hua: bill mein amount galat hai,Payments,wrong_charge,A charge/amount is incorrect,train
wrong_charge_b008,"charged amount expected nahi hai, mere card par wrong amount debit hua?",Payments,wrong_charge,A charge/amount is incorrect,train
wrong_charge_b009,Bill/statement mein issue hai kyunki bill mein amount galat hai,Payments,wrong_charge,A charge/amount is incorrect,train
wrong_charge_b010,"mujhe lagta hai, payment ho gayi par amount mismatch hai; mere card par wrong amount debit hua",Payments,wrong_charge,A charge/amount is incorrect,train
wrong_charge_b011,"please extra/wrong charge check karo, bill mein amount galat hai",Payments,wrong_charge,A charge/amount is incorrect,train
wrong_charge_b012,"pls checkout par kuch aur tha, charge kuch aur hua: mere card par wrong amount debit hua",Payments,wrong_charge,A charge/amount is incorrect,train
wrong_charge_b013,mujhe galat amount charge hua: extra fee lag gayi?,Payments,wrong_charge,A charge/amount is incorrect,train
wrong_charge_b014,"Charged amount expected nahi hai, checkout amount aur charged amount alag hai",Payments,wrong_charge,A charge/amount is incorrect,train
wrong_charge_b015,"mujhe lagta hai, bill/statement mein issue hai kyunki extra fee lag gayi",Payments,wrong_charge,A charge/amount is incorrect,validation
wrong_charge_b016,payment ho gayi par amount mismatch hai; checkout amount aur charged amount alag hai,Payments,wrong_charge,A charge/amount is incorrect,train
wrong_charge_b017,"pls please extra/wrong charge check karo, extra fee lag gayi",Payments,wrong_charge,A charge/amount is incorrect,test
wrong_charge_b018,"checkout par kuch aur tha, charge kuch aur hua: checkout amount aur charged amount alag hai?",Payments,wrong_charge,A charge/amount is incorrect,train
wrong_charge_b019,Mujhe galat amount charge hua: discount apply nahi hua,Payments,wrong_charge,A charge/amount is incorrect,train
wrong_charge_b020,"mujhe lagta hai, charged amount expected nahi hai, expected se zyada charge hua",Payments,wrong_charge,A charge/amount is incorrect,train
wrong_charge_b021,bill/statement mein issue hai kyunki discount apply nahi hua,Payments,wrong_charge,A charge/amount is incorrect,train
wrong_charge_b022,pls payment ho gayi par amount mismatch hai; expected se zyada charge hua,Payments,wrong_charge,A charge/amount is incorrect,train
wrong_charge_b023,"please extra/wrong charge check karo, discount apply nahi hua?",Payments,wrong_charge,A charge/amount is incorrect,validation
wrong_charge_b024,"Checkout par kuch aur tha, charge kuch aur hua: expected se zyada charge hua",Payments,wrong_charge,A charge/amount is incorrect,train
wrong_charge_b025,"mujhe lagta hai, mujhe galat amount charge hua: mere card par wrong amount debit hua",Payments,wrong_charge,A charge/amount is incorrect,train
wrong_charge_b026,"charged amount expected nahi hai, bill mein amount galat hai",Payments,wrong_charge,A charge/amount is incorrect,train
wrong_charge_b027,pls bill/statement mein issue hai kyunki mere card par wrong amount debit hua,Payments,wrong_charge,A charge/amount is incorrect,test
wrong_charge_b028,payment ho gayi par amount mismatch hai; bill mein amount galat hai?,Payments,wrong_charge,A charge/amount is incorrect,train
wrong_charge_b029,"Please extra/wrong charge check karo, mere card par wrong amount debit hua",Payments,wrong_charge,A charge/amount is incorrect,train
wrong_charge_b030,"mujhe lagta hai, checkout par kuch aur tha, charge kuch aur hua: bill mein amount galat hai",Payments,wrong_charge,A charge/amount is incorrect,train
wrong_charge_b031,mujhe galat amount charge hua: checkout amount aur charged amount alag hai; bill mein amount galat hai,Payments,wrong_charge,A charge/amount is incorrect,test
wrong_charge_b032,"pls charged amount expected nahi hai, extra fee lag gayi; expected se zyada charge hua",Payments,wrong_charge,A charge/amount is incorrect,train
wrong_charge_b033,bill/statement mein issue hai kyunki checkout amount aur charged amount alag hai; checkout amount aur charged amount alag hai?,Payments,wrong_charge,A charge/amount is incorrect,train
wrong_charge_b034,Payment ho gayi par amount mismatch hai; extra fee lag gayi; mere card par wrong amount debit hua,Payments,wrong_charge,A charge/amount is incorrect,train
wrong_charge_b035,"mujhe lagta hai, please extra/wrong charge check karo, checkout amount aur charged amount alag hai; discount apply nahi hua",Payments,wrong_charge,A charge/amount is incorrect,validation
wrong_charge_b036,"checkout par kuch aur tha, charge kuch aur hua: extra fee lag gayi; extra fee lag gayi",Payments,wrong_charge,A charge/amount is incorrect,train
wrong_charge_b037,pls mujhe galat amount charge hua: expected se zyada charge hua; bill mein amount galat hai,Payments,wrong_charge,A charge/amount is incorrect,train
wrong_charge_b038,"charged amount expected nahi hai, discount apply nahi hua; expected se zyada charge hua?",Payments,wrong_charge,A charge/amount is incorrect,train
wrong_charge_b039,Bill/statement mein issue hai kyunki expected se zyada charge hua; checkout amount aur charged amount alag hai,Payments,wrong_charge,A charge/amount is incorrect,train
wrong_charge_b040,"mujhe lagta hai, payment ho gayi par amount mismatch hai; discount apply nahi hua; mere card par wrong amount debit hua",Payments,wrong_charge,A charge/amount is incorrect,train
wrong_charge_b041,"please extra/wrong charge check karo, expected se zyada charge hua; discount apply nahi hua",Payments,wrong_charge,A charge/amount is incorrect,train
wrong_charge_b042,"pls checkout par kuch aur tha, charge kuch aur hua: discount apply nahi hua; extra fee lag gayi",Payments,wrong_charge,A charge/amount is incorrect,validation
wrong_charge_b043,mujhe galat amount charge hua: bill mein amount galat hai; bill mein amount galat hai?,Payments,wrong_charge,A charge/amount is incorrect,train
wrong_charge_b044,"Charged amount expected nahi hai, mere card par wrong amount debit hua; expected se zyada charge hua",Payments,wrong_charge,A charge/amount is incorrect,train
wrong_charge_b045,"mujhe lagta hai, bill/statement mein issue hai kyunki bill mein amount galat hai; checkout amount aur charged amount alag hai",Payments,wrong_charge,A charge/amount is incorrect,train
wrong_charge_b046,payment ho gayi par amount mismatch hai; mere card par wrong amount debit hua; mere card par wrong amount debit hua,Payments,wrong_charge,A charge/amount is incorrect,train
wrong_charge_b047,"pls please extra/wrong charge check karo, bill mein amount galat hai; discount apply nahi hua",Payments,wrong_charge,A charge/amount is incorrect,validation
wrong_charge_b048,"checkout par kuch aur tha, charge kuch aur hua: mere card par wrong amount debit hua; extra fee lag gayi?",Payments,wrong_charge,A charge/amount is incorrect,test
wrong_charge_b049,Mujhe galat amount charge hua: extra fee lag gayi; bill mein amount galat hai,Payments,wrong_charge,A charge/amount is incorrect,test
wrong_charge_b050,"mujhe lagta hai, charged amount expected nahi hai, checkout amount aur charged amount alag hai; expected se zyada charge hua",Payments,wrong_charge,A charge/amount is incorrect,train
wrong_charge_b051,bill/statement mein issue hai kyunki extra fee lag gayi; checkout amount aur charged amount alag hai,Payments,wrong_charge,A charge/amount is incorrect,train
wrong_charge_b052,pls payment ho gayi par amount mismatch hai; checkout amount aur charged amount alag hai; mere card par wrong amount debit hua,Payments,wrong_charge,A charge/amount is incorrect,train
wrong_charge_b053,"please extra/wrong charge check karo, extra fee lag gayi; discount apply nahi hua?",Payments,wrong_charge,A charge/amount is incorrect,validation
wrong_charge_b054,"Checkout par kuch aur tha, charge kuch aur hua: checkout amount aur charged amount alag hai; extra fee lag gayi",Payments,wrong_charge,A charge/amount is incorrect,test
wrong_charge_b055,"mujhe lagta hai, mujhe galat amount charge hua: discount apply nahi hua; bill mein amount galat hai",Payments,wrong_charge,A charge/amount is incorrect,train
wrong_charge_b056,"charged amount expected nahi hai, expected se zyada charge hua; expected se zyada charge hua",Payments,wrong_charge,A charge/amount is incorrect,train
wrong_charge_b057,pls bill/statement mein issue hai kyunki discount apply nahi hua; checkout amount aur charged amount alag hai,Payments,wrong_charge,A charge/amount is incorrect,train
wrong_charge_b058,payment ho gayi par amount mismatch hai; expected se zyada charge hua; mere card par wrong amount debit hua?,Payments,wrong_charge,A charge/amount is incorrect,train
wrong_charge_b059,"Please extra/wrong charge check karo, discount apply nahi hua; discount apply nahi hua",Payments,wrong_charge,A charge/amount is incorrect,test
wrong_charge_b060,"mujhe lagta hai, checkout par kuch aur tha, charge kuch aur hua: expected se zyada charge hua; extra fee lag gayi",Payments,wrong_charge,A charge/amount is incorrect,train
duplicate_charge_b001,same payment do baar charge hui; same payment do baar cut gayi,Payments,duplicate_charge,The same payment was charged twice,validation
duplicate_charge_b002,"pls mere account se duplicate amount kata hai, UPI se amount twice debit hua",Payments,duplicate_charge,The same payment was charged twice,train
duplicate_charge_b003,ek purchase ke liye two charges dikh rahe hain; same payment do baar cut gayi?,Payments,duplicate_charge,The same payment was charged twice,train
duplicate_charge_b004,"Payment repeat ho gayi lagti hai, upi se amount twice debit hua",Payments,duplicate_charge,The same payment was charged twice,train
duplicate_charge_b005,"mujhe lagta hai, please duplicate transaction check karo, same payment do baar cut gayi",Payments,duplicate_charge,The same payment was charged twice,test
duplicate_charge_b006,single order ke liye double debit hua: UPI se amount twice debit hua,Payments,duplicate_charge,The same payment was charged twice,train
duplicate_charge_b007,pls same payment do baar charge hui; ek order ke liye double charge hua,Payments,duplicate_charge,The same payment was charged twice,validation
duplicate_charge_b008,"mere account se duplicate amount kata hai, same transaction repeat ho gayi?",Payments,duplicate_charge,The same payment was charged twice,train
duplicate_charge_b009,Ek purchase ke liye two charges dikh rahe hain; ek order ke liye double charge hua,Payments,duplicate_charge,The same payment was charged twice,train
duplicate_charge_b010,"mujhe lagta hai, payment repeat ho gayi lagti hai, same transaction repeat ho gayi",Payments,duplicate_charge,The same payment was charged twice,validation
duplicate_charge_b011,"please duplicate transaction check karo, ek order ke liye double charge hua",Payments,duplicate_charge,The same payment was charged twice,train
duplicate_charge_b012,pls single order ke liye double debit hua: same transaction repeat ho gayi,Payments,duplicate_charge,The same payment was charged twice,train
duplicate_charge_b013,same payment do baar charge hui; card statement mein do entries hain?,Payments,duplicate_charge,The same payment was charged twice,train
duplicate_charge_b014,"Mere account se duplicate amount kata hai, single purchase ka duplicate payment hua",Payments,duplicate_charge,The same payment was charged twice,train
duplicate_charge_b015,"mujhe lagta hai, ek purchase ke liye two charges dikh rahe hain; card statement mein do entries hain",Payments,duplicate_charge,The same payment was charged twice,train
duplicate_charge_b016,"payment repeat ho gayi lagti hai, single purchase ka duplicate payment hua",Payments,duplicate_charge,The same payment was charged twice,train
duplicate_charge_b017,"pls please duplicate transaction check karo, card statement mein do entries hain",Payments,duplicate_charge,The same payment was charged twice,train
duplicate_charge_b018,single order ke liye double debit hua: single purchase ka duplicate payment hua?,Payments,duplicate_charge,The same payment was charged twice,train
duplicate_charge_b019,Same payment do baar charge hui; upi se amount twice debit hua,Payments,duplicate_charge,The same payment was charged twice,train
duplicate_charge_b020,"mujhe lagta hai, mere account se duplicate amount kata hai, same payment do baar cut gayi",Payments,duplicate_charge,The same payment was charged twice,train
duplicate_charge_b021,ek purchase ke liye two charges dikh rahe hain; UPI se amount twice debit hua,Payments,duplicate_charge,The same payment was charged twice,train
duplicate_charge_b022,"pls payment repeat ho gayi lagti hai, same payment do baar cut gayi",Payments,duplicate_charge,The same payment was charged twice,test
duplicate_charge_b023,"please duplicate transaction check karo, UPI se amount twice debit hua?",Payments,duplicate_charge,The same payment was charged twice,test
duplicate_charge_b024,Single order ke liye double debit hua: same payment do baar cut gayi,Payments,duplicate_charge,The same payment was charged twice,test
duplicate_charge_b025,"mujhe lagta hai, same payment do baar charge hui; same transaction repeat ho gayi",Payments,duplicate_charge,The same payment was charged twice,train
duplicate_charge_b026,"mere account se duplicate amount kata hai, ek order ke liye double charge hua",Payments,duplicate_charge,The same payment was charged twice,train
duplicate_charge_b027,pls ek purchase ke liye two charges dikh rahe hain; same transaction repeat ho gayi,Payments,duplicate_charge,The same payment was charged twice,validation
duplicate_charge_b028,"payment repeat ho gayi lagti hai, ek order ke liye double charge hua?",Payments,duplicate_charge,The same payment was charged twice,test
duplicate_charge_b029,"Please duplicate transaction check karo, same transaction repeat ho gayi",Payments,duplicate_charge,The same payment was charged twice,train
duplicate_charge_b030,"mujhe lagta hai, single order ke liye double debit hua: ek order ke liye double charge hua",Payments,duplicate_charge,The same payment was charged twice,validation
duplicate_charge_b031,same payment do baar charge hui; single purchase ka duplicate payment hua; ek order ke liye double charge hua,Payments,duplicate_charge,The same payment was charged twice,train
duplicate_charge_b032,"pls mere account se duplicate amount kata hai, card statement mein do entries hain; same payment do baar cut gayi",Payments,duplicate_charge,The same payment was charged twice,validation
duplicate_charge_b033,ek purchase ke liye two charges dikh rahe hain; single purchase ka duplicate payment hua; single purchase ka duplicate payment hua?,Payments,duplicate_charge,The same payment was charged twice,test
duplicate_charge_b034,"Payment repeat ho gayi lagti hai, card statement mein do entries hain; same transaction repeat ho gayi",Payments,duplicate_charge,The same payment was charged twice,train
duplicate_charge_b035,"mujhe lagta hai, please duplicate transaction check karo, single purchase ka duplicate payment hua; UPI se amount twice debit hua",Payments,duplicate_charge,The same payment was charged twice,test
duplicate_charge_b036,single order ke liye double debit hua: card statement mein do entries hain; card statement mein do entries hain,Payments,duplicate_charge,The same payment was charged twice,train
duplicate_charge_b037,pls same payment do baar charge hui; same payment do baar cut gayi; ek order ke liye double charge hua,Payments,duplicate_charge,The same payment was charged twice,train
duplicate_charge_b038,"mere account se duplicate amount kata hai, UPI se amount twice debit hua; same payment do baar cut gayi?",Payments,duplicate_charge,The same payment was charged twice,train
duplicate_charge_b039,Ek purchase ke liye two charges dikh rahe hain; same payment do baar cut gayi; single purchase ka duplicate payment hua,Payments,duplicate_charge,The same payment was charged twice,train
duplicate_charge_b040,"mujhe lagta hai, payment repeat ho gayi lagti hai, UPI se amount twice debit hua; same transaction repeat ho gayi",Payments,duplicate_charge,The same payment was charged twice,train
duplicate_charge_b041,"please duplicate transaction check karo, same payment do baar cut gayi; UPI se amount twice debit hua",Payments,duplicate_charge,The same payment was charged twice,validation
duplicate_charge_b042,pls single order ke liye double debit hua: UPI se amount twice debit hua; card statement mein do entries hain,Payments,duplicate_charge,The same payment was charged twice,test
duplicate_charge_b043,same payment do baar charge hui; ek order ke liye double charge hua; ek order ke liye double charge hua?,Payments,duplicate_charge,The same payment was charged twice,test
duplicate_charge_b044,"Mere account se duplicate amount kata hai, same transaction repeat ho gayi; same payment do baar cut gayi",Payments,duplicate_charge,The same payment was charged twice,train
duplicate_charge_b045,"mujhe lagta hai, ek purchase ke liye two charges dikh rahe hain; ek order ke liye double charge hua; single purchase ka duplicate payment hua",Payments,duplicate_charge,The same payment was charged twice,train
duplicate_charge_b046,"payment repeat ho gayi lagti hai, same transaction repeat ho gayi; same transaction repeat ho gayi",Payments,duplicate_charge,The same payment was charged twice,train
duplicate_charge_b047,"pls please duplicate transaction check karo, ek order ke liye double charge hua; UPI se amount twice debit hua",Payments,duplicate_charge,The same payment was charged twice,train
duplicate_charge_b048,single order ke liye double debit hua: same transaction repeat ho gayi; card statement mein do entries hain?,Payments,duplicate_charge,The same payment was charged twice,train
duplicate_charge_b049,Same payment do baar charge hui; card statement mein do entries hain; ek order ke liye double charge hua,Payments,duplicate_charge,The same payment was charged twice,train
duplicate_charge_b050,"mujhe lagta hai, mere account se duplicate amount kata hai, single purchase ka duplicate payment hua; same payment do baar cut gayi",Payments,duplicate_charge,The same payment was charged twice,train
duplicate_charge_b051,ek purchase ke liye two charges dikh rahe hain; card statement mein do entries hain; single purchase ka duplicate payment hua,Payments,duplicate_charge,The same payment was charged twice,train
duplicate_charge_b052,"pls payment repeat ho gayi lagti hai, single purchase ka duplicate payment hua; same transaction repeat ho gayi",Payments,duplicate_charge,The same payment was charged twice,train
duplicate_charge_b053,"please duplicate transaction check karo, card statement mein do entries hain; UPI se amount twice debit hua?",Payments,duplicate_charge,The same payment was charged twice,train
duplicate_charge_b054,Single order ke liye double debit hua: single purchase ka duplicate payment hua; card statement mein do entries hain,Payments,duplicate_charge,The same payment was charged twice,train
duplicate_charge_b055,"mujhe lagta hai, same payment do baar charge hui; UPI se amount twice debit hua; ek order ke liye double charge hua",Payments,duplicate_charge,The same payment was charged twice,train
duplicate_charge_b056,"mere account se duplicate amount kata hai, same payment do baar cut gayi; same payment do baar cut gayi",Payments,duplicate_charge,The same payment was charged twice,validation
duplicate_charge_b057,pls ek purchase ke liye two charges dikh rahe hain; UPI se amount twice debit hua; single purchase ka duplicate payment hua,Payments,duplicate_charge,The same payment was charged twice,train
duplicate_charge_b058,"payment repeat ho gayi lagti hai, same payment do baar cut gayi; same transaction repeat ho gayi?",Payments,duplicate_charge,The same payment was charged twice,validation
duplicate_charge_b059,"Please duplicate transaction check karo, upi se amount twice debit hua; upi se amount twice debit hua",Payments,duplicate_charge,The same payment was charged twice,train
duplicate_charge_b060,"mujhe lagta hai, single order ke liye double debit hua: same payment do baar cut gayi; card statement mein do entries hain",Payments,duplicate_charge,The same payment was charged twice,train
delivery_address_change_b001,delivery address change karna hai; parcel ka address badalna hai,Delivery,delivery_address_change,Change delivery address,train
delivery_address_change_b002,"pls parcel ko naye address par bhejna hai, purane address par nahi bhejna",Delivery,delivery_address_change,Change delivery address,validation
delivery_address_change_b003,shipping details update ho sakti hain? parcel ka address badalna hai?,Delivery,delivery_address_change,Change delivery address,train
delivery_address_change_b004,"Please delivery location modify karo, purane address par nahi bhejna",Delivery,delivery_address_change,Change delivery address,train
delivery_address_change_b005,"mujhe lagta hai, order ka address galat hai: parcel ka address badalna hai",Delivery,delivery_address_change,Change delivery address,train
delivery_address_change_b006,"courier ko purane address par nahi bhejna, kya address update possible hai?",Delivery,delivery_address_change,Change delivery address,validation
delivery_address_change_b007,pls delivery address change karna hai; new address par deliver karna hai,Delivery,delivery_address_change,Change delivery address,train
delivery_address_change_b008,"parcel ko naye address par bhejna hai, house number galat dala hai?",Delivery,delivery_address_change,Change delivery address,train
delivery_address_change_b009,Shipping details update ho sakti hain? new address par deliver karna hai,Delivery,delivery_address_change,Change delivery address,train
delivery_address_change_b010,"mujhe lagta hai, please delivery location modify karo, house number galat dala hai",Delivery,delivery_address_change,Change delivery address,train
delivery_address_change_b011,order ka address galat hai: new address par deliver karna hai,Delivery,delivery_address_change,Change delivery address,train
delivery_address_change_b012,"pls courier ko house number galat dala hai, kya address update possible hai?",Delivery,delivery_address_change,Change delivery address,train
delivery_address_change_b013,delivery address change karna hai; delivery location update karni hai?,Delivery,delivery_address_change,Change delivery address,train
delivery_address_change_b014,"Parcel ko naye address par bhejna hai, office ki jagah ghar par bhejna hai",Delivery,delivery_address_change,Change delivery address,train
delivery_address_change_b015,"mujhe lagta hai, shipping details update ho sakti hain? delivery location update karni hai",Delivery,delivery_address_change,Change delivery address,validation
delivery_address_change_b016,"please delivery location modify karo, office ki jagah ghar par bhejna hai",Delivery,delivery_address_change,Change delivery address,test
delivery_address_change_b017,pls order ka address galat hai: delivery location update karni hai,Delivery,delivery_address_change,Change delivery address,train
delivery_address_change_b018,"courier ko office ki jagah ghar par bhejna hai, kya address update possible hai??",Delivery,delivery_address_change,Change delivery address,train
delivery_address_change_b019,Delivery address change karna hai; purane address par nahi bhejna,Delivery,delivery_address_change,Change delivery address,validation
delivery_address_change_b020,"mujhe lagta hai, parcel ko naye address par bhejna hai, parcel ka address badalna hai",Delivery,delivery_address_change,Change delivery address,validation
delivery_address_change_b021,shipping details update ho sakti hain? purane address par nahi bhejna,Delivery,delivery_address_change,Change delivery address,train
delivery_address_change_b022,"pls please delivery location modify karo, parcel ka address badalna hai",Delivery,delivery_address_change,Change delivery address,train
delivery_address_change_b023,order ka address galat hai: purane address par nahi bhejna?,Delivery,delivery_address_change,Change delivery address,train
delivery_address_change_b024,"Courier ko parcel ka address badalna hai, kya address update possible hai?",Delivery,delivery_address_change,Change delivery address,train
delivery_address_change_b025,"mujhe lagta hai, delivery address change karna hai; house number galat dala hai",Delivery,delivery_address_change,Change delivery address,train
delivery_address_change_b026,"parcel ko naye address par bhejna hai, new address par deliver karna hai",Delivery,delivery_address_change,Change delivery address,validation
delivery_address_change_b027,pls shipping details update ho sakti hain? house number galat dala hai,Delivery,delivery_address_change,Change delivery address,train
delivery_address_change_b028,"please delivery location modify karo, new address par deliver karna hai?",Delivery,delivery_address_change,Change delivery address,train
delivery_address_change_b029,Order ka address galat hai: house number galat dala hai,Delivery,delivery_address_change,Change delivery address,validation
delivery_address_change_b030,"mujhe lagta hai, courier ko new address par deliver karna hai, kya address update possible hai?",Delivery,delivery_address_change,Change delivery address,train
delivery_address_change_b031,delivery address change karna hai; office ki jagah ghar par bhejna hai; new address par deliver karna hai,Delivery,delivery_address_change,Change delivery address,test
delivery_address_change_b032,"pls parcel ko naye address par bhejna hai, delivery location update karni hai; parcel ka address badalna hai",Delivery,delivery_address_change,Change delivery address,test
delivery_address_change_b033,shipping details update ho sakti hain? office ki jagah ghar par bhejna hai; office ki jagah ghar par bhejna hai?,Delivery,delivery_address_change,Change delivery address,train
delivery_address_change_b034,"Please delivery location modify karo, delivery location update karni hai; house number galat dala hai",Delivery,delivery_address_change,Change delivery address,train
delivery_address_change_b035,"mujhe lagta hai, order ka address galat hai: office ki jagah ghar par bhejna hai; purane address par nahi bhejna",Delivery,delivery_address_change,Change delivery address,train
delivery_address_change_b036,"courier ko delivery location update karni hai; delivery location update karni hai, kya address update possible hai?",Delivery,delivery_address_change,Change delivery address,test
delivery_address_change_b037,pls delivery address change karna hai; parcel ka address badalna hai; new address par deliver karna hai,Delivery,delivery_address_change,Change delivery address,train
delivery_address_change_b038,"parcel ko naye address par bhejna hai, purane address par nahi bhejna; parcel ka address badalna hai?",Delivery,delivery_address_change,Change delivery address,train
delivery_address_change_b039,Shipping details update ho sakti hain? parcel ka address badalna hai; office ki jagah ghar par bhejna hai,Delivery,delivery_address_change,Change delivery address,train
delivery_address_change_b040,"mujhe lagta hai, please delivery location modify karo, purane address par nahi bhejna; house number galat dala hai",Delivery,delivery_address_change,Change delivery address,train
delivery_address_change_b041,order ka address galat hai: parcel ka address badalna hai; purane address par nahi bhejna,Delivery,delivery_address_change,Change delivery address,train
delivery_address_change_b042,"pls courier ko purane address par nahi bhejna; delivery location update karni hai, kya address update possible hai?",Delivery,delivery_address_change,Change delivery address,test
delivery_address_change_b043,delivery address change karna hai; new address par deliver karna hai; new address par deliver karna hai?,Delivery,delivery_address_change,Change delivery address,train
delivery_address_change_b044,"Parcel ko naye address par bhejna hai, house number galat dala hai; parcel ka address badalna hai",Delivery,delivery_address_change,Change delivery address,train
delivery_address_change_b045,"mujhe lagta hai, shipping details update ho sakti hain? new address par deliver karna hai; office ki jagah ghar par bhejna hai",Delivery,delivery_address_change,Change delivery address,test
delivery_address_change_b046,"please delivery location modify karo, house number galat dala hai; house number galat dala hai",Delivery,delivery_address_change,Change delivery address,test
delivery_address_change_b047,pls order ka address galat hai: new address par deliver karna hai; purane address par nahi bhejna,Delivery,delivery_address_change,Change delivery address,train
delivery_address_change_b048,"courier ko house number galat dala hai; delivery location update karni hai, kya address update possible hai??",Delivery,delivery_address_change,Change delivery address,train
delivery_address_change_b049,Delivery address change karna hai; delivery location update karni hai; new address par deliver karna hai,Delivery,delivery_address_change,Change delivery address,test
delivery_address_change_b050,"mujhe lagta hai, parcel ko naye address par bhejna hai, office ki jagah ghar par bhejna hai; parcel ka address badalna hai",Delivery,delivery_address_change,Change delivery address,train
delivery_address_change_b051,shipping details update ho sakti hain? delivery location update karni hai; office ki jagah ghar par bhejna hai,Delivery,delivery_address_change,Change delivery address,train
delivery_address_change_b052,"pls please delivery location modify karo, office ki jagah ghar par bhejna hai; house number galat dala hai",Delivery,delivery_address_change,Change delivery address,train
delivery_address_change_b053,order ka address galat hai: delivery location update karni hai; purane address par nahi bhejna?,Delivery,delivery_address_change,Change delivery address,train
delivery_address_change_b054,"Courier ko office ki jagah ghar par bhejna hai; delivery location update karni hai, kya address update possible hai?",Delivery,delivery_address_change,Change delivery address,train
delivery_address_change_b055,"mujhe lagta hai, delivery address change karna hai; purane address par nahi bhejna; new address par deliver karna hai",Delivery,delivery_address_change,Change delivery address,train
delivery_address_change_b056,"parcel ko naye address par bhejna hai, parcel ka address badalna hai; parcel ka address badalna hai",Delivery,delivery_address_change,Change delivery address,validation
delivery_address_change_b057,pls shipping details update ho sakti hain? purane address par nahi bhejna; office ki jagah ghar par bhejna hai,Delivery,delivery_address_change,Change delivery address,validation
delivery_address_change_b058,"please delivery location modify karo, parcel ka address badalna hai; house number galat dala hai?",Delivery,delivery_address_change,Change delivery address,train
delivery_address_change_b059,Order ka address galat hai: purane address par nahi bhejna; purane address par nahi bhejna,Delivery,delivery_address_change,Change delivery address,train
delivery_address_change_b060,"mujhe lagta hai, courier ko parcel ka address badalna hai; delivery location update karni hai, kya address update possible hai?",Delivery,delivery_address_change,Change delivery address,test
delivery_delay_b001,delivery late ho rahi hai; parcel expected date tak nahi aaya,Delivery,delivery_delay,Delivery is delayed,validation
delivery_delay_b002,"pls parcel expected time par nahi aaya, aaj delivery honi thi par nahi hui",Delivery,delivery_delay,Delivery is delayed,train
delivery_delay_b003,shipment delay ka reason kya hai? parcel expected date tak nahi aaya?,Delivery,delivery_delay,Delivery is delayed,train
delivery_delay_b004,"Delivery date cross ho gayi, aaj delivery honi thi par nahi hui",Delivery,delivery_delay,Delivery is delayed,test
delivery_delay_b005,"mujhe lagta hai, courier abhi tak nahi aaya; parcel expected date tak nahi aaya",Delivery,delivery_delay,Delivery is delayed,train
delivery_delay_b006,"please delayed delivery check karo, aaj delivery honi thi par nahi hui",Delivery,delivery_delay,Delivery is delayed,train
delivery_delay_b007,pls delivery late ho rahi hai; delivery late ho gayi,Delivery,delivery_delay,Delivery is delayed,test
delivery_delay_b008,"parcel expected time par nahi aaya, shipment delay dikh raha hai?",Delivery,delivery_delay,Delivery is delayed,train
delivery_delay_b009,Shipment delay ka reason kya hai? delivery late ho gayi,Delivery,delivery_delay,Delivery is delayed,test
delivery_delay_b010,"mujhe lagta hai, delivery date cross ho gayi, shipment delay dikh raha hai",Delivery,delivery_delay,Delivery is delayed,train
delivery_delay_b011,courier abhi tak nahi aaya; delivery late ho gayi,Delivery,delivery_delay,Delivery is delayed,train
delivery_delay_b012,"pls please delayed delivery check karo, shipment delay dikh raha hai",Delivery,delivery_delay,Delivery is delayed,validation
delivery_delay_b013,delivery late ho rahi hai; courier bahut din se stuck hai?,Delivery,delivery_delay,Delivery is delayed,train
delivery_delay_b014,"Parcel expected time par nahi aaya, delivery date baar baar aage badh rahi hai",Delivery,delivery_delay,Delivery is delayed,train
delivery_delay_b015,"mujhe lagta hai, shipment delay ka reason kya hai? courier bahut din se stuck hai",Delivery,delivery_delay,Delivery is delayed,train
delivery_delay_b016,"delivery date cross ho gayi, delivery date baar baar aage badh rahi hai",Delivery,delivery_delay,Delivery is delayed,train
delivery_delay_b017,pls courier abhi tak nahi aaya; courier bahut din se stuck hai,Delivery,delivery_delay,Delivery is delayed,train
delivery_delay_b018,"please delayed delivery check karo, delivery date baar baar aage badh rahi hai?",Delivery,delivery_delay,Delivery is delayed,train
delivery_delay_b019,Delivery late ho rahi hai; aaj delivery honi thi par nahi hui,Delivery,delivery_delay,Delivery is delayed,test
delivery_delay_b020,"mujhe lagta hai, parcel expected time par nahi aaya, parcel expected date tak nahi aaya",Delivery,delivery_delay,Delivery is delayed,train
delivery_delay_b021,shipment delay ka reason kya hai? aaj delivery honi thi par nahi hui,Delivery,delivery_delay,Delivery is delayed,train
delivery_delay_b022,"pls delivery date cross ho gayi, parcel expected date tak nahi aaya",Delivery,delivery_delay,Delivery is delayed,validation
delivery_delay_b023,courier abhi tak nahi aaya; aaj delivery honi thi par nahi hui?,Delivery,delivery_delay,Delivery is delayed,train
delivery_delay_b024,"Please delayed delivery check karo, parcel expected date tak nahi aaya",Delivery,delivery_delay,Delivery is delayed,train
delivery_delay_b025,"mujhe lagta hai, delivery late ho rahi hai; shipment delay dikh raha hai",Delivery,delivery_delay,Delivery is delayed,train
delivery_delay_b026,"parcel expected time par nahi aaya, delivery late ho gayi",Delivery,delivery_delay,Delivery is delayed,train
delivery_delay_b027,pls shipment delay ka reason kya hai? shipment delay dikh raha hai,Delivery,delivery_delay,Delivery is delayed,train
delivery_delay_b028,"delivery date cross ho gayi, delivery late ho gayi?",Delivery,delivery_delay,Delivery is delayed,train
delivery_delay_b029,Courier abhi tak nahi aaya; shipment delay dikh raha hai,Delivery,delivery_delay,Delivery is delayed,validation
delivery_delay_b030,"mujhe lagta hai, please delayed delivery check karo, delivery late ho gayi",Delivery,delivery_delay,Delivery is delayed,train
delivery_delay_b031,delivery late ho rahi hai; delivery date baar baar aage badh rahi hai; delivery late ho gayi,Delivery,delivery_delay,Delivery is delayed,validation
delivery_delay_b032,"pls parcel expected time par nahi aaya, courier bahut din se stuck hai; parcel expected date tak nahi aaya",Delivery,delivery_delay,Delivery is delayed,test
delivery_delay_b033,shipment delay ka reason kya hai? delivery date baar baar aage badh rahi hai; delivery date baar baar aage badh rahi hai?,Delivery,delivery_delay,Delivery is delayed,train
delivery_delay_b034,"Delivery date cross ho gayi, courier bahut din se stuck hai; shipment delay dikh raha hai",Delivery,delivery_delay,Delivery is delayed,train
delivery_delay_b035,"mujhe lagta hai, courier abhi tak nahi aaya; delivery date baar baar aage badh rahi hai; aaj delivery honi thi par nahi hui",Delivery,delivery_delay,Delivery is delayed,train
delivery_delay_b036,"please delayed delivery check karo, courier bahut din se stuck hai; courier bahut din se stuck hai",Delivery,delivery_delay,Delivery is delayed,test
delivery_delay_b037,pls delivery late ho rahi hai; parcel expected date tak nahi aaya; delivery late ho gayi,Delivery,delivery_delay,Delivery is delayed,validation
delivery_delay_b038,"parcel expected time par nahi aaya, aaj delivery honi thi par nahi hui; parcel expected date tak nahi aaya?",Delivery,delivery_delay,Delivery is delayed,train
delivery_delay_b039,Shipment delay ka reason kya hai? parcel expected date tak nahi aaya; delivery date baar baar aage badh rahi hai,Delivery,delivery_delay,Delivery is delayed,train
delivery_delay_b040,"mujhe lagta hai, delivery date cross ho gayi, aaj delivery honi thi par nahi hui; shipment delay dikh raha hai",Delivery,delivery_delay,Delivery is delayed,train
delivery_delay_b041,courier abhi tak nahi aaya; parcel expected date tak nahi aaya; aaj delivery honi thi par nahi hui,Delivery,delivery_delay,Delivery is delayed,test
delivery_delay_b042,"pls please delayed delivery check karo, aaj delivery honi thi par nahi hui; courier bahut din se stuck hai",Delivery,delivery_delay,Delivery is delayed,train
delivery_delay_b043,delivery late ho rahi hai; delivery late ho gayi; delivery late ho gayi?,Delivery,delivery_delay,Delivery is delayed,train
delivery_delay_b044,"Parcel expected time par nahi aaya, shipment delay dikh raha hai; parcel expected date tak nahi aaya",Delivery,delivery_delay,Delivery is delayed,train
delivery_delay_b045,"mujhe lagta hai, shipment delay ka reason kya hai? delivery late ho gayi; delivery date baar baar aage badh rahi hai",Delivery,delivery_delay,Delivery is delayed,test
delivery_delay_b046,"delivery date cross ho gayi, shipment delay dikh raha hai; shipment delay dikh raha hai",Delivery,delivery_delay,Delivery is delayed,train
delivery_delay_b047,pls courier abhi tak nahi aaya; delivery late ho gayi; aaj delivery honi thi par nahi hui,Delivery,delivery_delay,Delivery is delayed,train
delivery_delay_b048,"please delayed delivery check karo, shipment delay dikh raha hai; courier bahut din se stuck hai?",Delivery,delivery_delay,Delivery is delayed,validation
delivery_delay_b049,Delivery late ho rahi hai; courier bahut din se stuck hai; delivery late ho gayi,Delivery,delivery_delay,Delivery is delayed,test
delivery_delay_b050,"mujhe lagta hai, parcel expected time par nahi aaya, delivery date baar baar aage badh rahi hai; parcel expected date tak nahi aaya",Delivery,delivery_delay,Delivery is delayed,train
delivery_delay_b051,shipment delay ka reason kya hai? courier bahut din se stuck hai; delivery date baar baar aage badh rahi hai,Delivery,delivery_delay,Delivery is delayed,train
delivery_delay_b052,"pls delivery date cross ho gayi, delivery date baar baar aage badh rahi hai; shipment delay dikh raha hai",Delivery,delivery_delay,Delivery is delayed,train
delivery_delay_b053,courier abhi tak nahi aaya; courier bahut din se stuck hai; aaj delivery honi thi par nahi hui?,Delivery,delivery_delay,Delivery is delayed,train
delivery_delay_b054,"Please delayed delivery check karo, delivery date baar baar aage badh rahi hai; courier bahut din se stuck hai",Delivery,delivery_delay,Delivery is delayed,train
delivery_delay_b055,"mujhe lagta hai, delivery late ho rahi hai; aaj delivery honi thi par nahi hui; delivery late ho gayi",Delivery,delivery_delay,Delivery is delayed,train
delivery_delay_b056,"parcel expected time par nahi aaya, parcel expected date tak nahi aaya; parcel expected date tak nahi aaya",Delivery,delivery_delay,Delivery is delayed,train
delivery_delay_b057,pls shipment delay ka reason kya hai? aaj delivery honi thi par nahi hui; delivery date baar baar aage badh rahi hai,Delivery,delivery_delay,Delivery is delayed,train
delivery_delay_b058,"delivery date cross ho gayi, parcel expected date tak nahi aaya; shipment delay dikh raha hai?",Delivery,delivery_delay,Delivery is delayed,validation
delivery_delay_b059,Courier abhi tak nahi aaya; aaj delivery honi thi par nahi hui; aaj delivery honi thi par nahi hui,Delivery,delivery_delay,Delivery is delayed,train
delivery_delay_b060,"mujhe lagta hai, please delayed delivery check karo, parcel expected date tak nahi aaya; courier bahut din se stuck hai",Delivery,delivery_delay,Delivery is delayed,validation
delivery_tracking_b001,parcel track karna hai; parcel abhi kahan hai,Delivery,delivery_tracking,Track a shipment,test
delivery_tracking_b002,pls shipment ki live/current location kya hai? courier ka status check karna hai,Delivery,delivery_tracking,Track a shipment,train
delivery_tracking_b003,"tracking update de do, parcel abhi kahan hai?",Delivery,delivery_tracking,Track a shipment,validation
delivery_tracking_b004,Courier status check kar sakte ho? courier ka status check karna hai,Delivery,delivery_tracking,Track a shipment,train
delivery_tracking_b005,"mujhe lagta hai, mera package abhi kahan hai, parcel abhi kahan hai",Delivery,delivery_tracking,Track a shipment,test
delivery_tracking_b006,dispatch ke baad parcel ka movement batao; courier ka status check karna hai,Delivery,delivery_tracking,Track a shipment,train
delivery_tracking_b007,pls parcel track karna hai; tracking link chahiye,Delivery,delivery_tracking,Track a shipment,train
delivery_tracking_b008,shipment ki live/current location kya hai? tracking update nahi mil raha?,Delivery,delivery_tracking,Track a shipment,train
delivery_tracking_b009,"Tracking update de do, tracking link chahiye",Delivery,delivery_tracking,Track a shipment,train
delivery_tracking_b010,"mujhe lagta hai, courier status check kar sakte ho? tracking update nahi mil raha",Delivery,delivery_tracking,Track a shipment,train
delivery_tracking_b011,"mera package abhi kahan hai, tracking link chahiye",Delivery,delivery_tracking,Track a shipment,test
delivery_tracking_b012,pls dispatch ke baad parcel ka movement batao; tracking update nahi mil raha,Delivery,delivery_tracking,Track a shipment,train
delivery_tracking_b013,parcel track karna hai; shipment ka current location batao?,Delivery,delivery_tracking,Track a shipment,train
delivery_tracking_b014,Shipment ki live/current location kya hai? parcel dispatch ke baad kahan pahucha,Delivery,delivery_tracking,Track a shipment,train
delivery_tracking_b015,"mujhe lagta hai, tracking update de do, shipment ka current location batao",Delivery,delivery_tracking,Track a shipment,validation
delivery_tracking_b016,courier status check kar sakte ho? parcel dispatch ke baad kahan pahucha,Delivery,delivery_tracking,Track a shipment,train
delivery_tracking_b017,"pls mera package abhi kahan hai, shipment ka current location batao",Delivery,delivery_tracking,Track a shipment,train
delivery_tracking_b018,dispatch ke baad parcel ka movement batao; parcel dispatch ke baad kahan pahucha?,Delivery,delivery_tracking,Track a shipment,train
delivery_tracking_b019,Parcel track karna hai; courier ka status check karna hai,Delivery,delivery_tracking,Track a shipment,validation
delivery_tracking_b020,"mujhe lagta hai, shipment ki live/current location kya hai? parcel abhi kahan hai",Delivery,delivery_tracking,Track a shipment,train
delivery_tracking_b021,"tracking update de do, courier ka status check karna hai",Delivery,delivery_tracking,Track a shipment,train
delivery_tracking_b022,pls courier status check kar sakte ho? parcel abhi kahan hai,Delivery,delivery_tracking,Track a shipment,train
delivery_tracking_b023,"mera package abhi kahan hai, courier ka status check karna hai?",Delivery,delivery_tracking,Track a shipment,train
delivery_tracking_b024,Dispatch ke baad parcel ka movement batao; parcel abhi kahan hai,Delivery,delivery_tracking,Track a shipment,train
delivery_tracking_b025,"mujhe lagta hai, parcel track karna hai; tracking update nahi mil raha",Delivery,delivery_tracking,Track a shipment,train
delivery_tracking_b026,shipment ki live/current location kya hai? tracking link chahiye,Delivery,delivery_tracking,Track a shipment,train
delivery_tracking_b027,"pls tracking update de do, tracking update nahi mil raha",Delivery,delivery_tracking,Track a shipment,test
delivery_tracking_b028,courier status check kar sakte ho? tracking link chahiye?,Delivery,delivery_tracking,Track a shipment,train
delivery_tracking_b029,"Mera package abhi kahan hai, tracking update nahi mil raha",Delivery,delivery_tracking,Track a shipment,test
delivery_tracking_b030,"mujhe lagta hai, dispatch ke baad parcel ka movement batao; tracking link chahiye",Delivery,delivery_tracking,Track a shipment,validation
delivery_tracking_b031,parcel track karna hai; parcel dispatch ke baad kahan pahucha; tracking link chahiye,Delivery,delivery_tracking,Track a shipment,test
delivery_tracking_b032,pls shipment ki live/current location kya hai? shipment ka current location batao; parcel abhi kahan hai,Delivery,delivery_tracking,Track a shipment,train
delivery_tracking_b033,"tracking update de do, parcel dispatch ke baad kahan pahucha; parcel dispatch ke baad kahan pahucha?",Delivery,delivery_tracking,Track a shipment,train
delivery_tracking_b034,Courier status check kar sakte ho? shipment ka current location batao; tracking update nahi mil raha,Delivery,delivery_tracking,Track a shipment,train
delivery_tracking_b035,"mujhe lagta hai, mera package abhi kahan hai, parcel dispatch ke baad kahan pahucha; courier ka status check karna hai",Delivery,delivery_tracking,Track a shipment,train
delivery_tracking_b036,dispatch ke baad parcel ka movement batao; shipment ka current location batao; shipment ka current location batao,Delivery,delivery_tracking,Track a shipment,test
delivery_tracking_b037,pls parcel track karna hai; parcel abhi kahan hai; tracking link chahiye,Delivery,delivery_tracking,Track a shipment,train
delivery_tracking_b038,shipment ki live/current location kya hai? courier ka status check karna hai; parcel abhi kahan hai?,Delivery,delivery_tracking,Track a shipment,train
delivery_tracking_b039,"Tracking update de do, parcel abhi kahan hai; parcel dispatch ke baad kahan pahucha",Delivery,delivery_tracking,Track a shipment,test
delivery_tracking_b040,"mujhe lagta hai, courier status check kar sakte ho? courier ka status check karna hai; tracking update nahi mil raha",Delivery,delivery_tracking,Track a shipment,train
delivery_tracking_b041,"mera package abhi kahan hai, parcel abhi kahan hai; courier ka status check karna hai",Delivery,delivery_tracking,Track a shipment,train
delivery_tracking_b042,pls dispatch ke baad parcel ka movement batao; courier ka status check karna hai; shipment ka current location batao,Delivery,delivery_tracking,Track a shipment,train
delivery_tracking_b043,parcel track karna hai; tracking link chahiye; tracking link chahiye?,Delivery,delivery_tracking,Track a shipment,train
delivery_tracking_b044,Shipment ki live/current location kya hai? tracking update nahi mil raha; parcel abhi kahan hai,Delivery,delivery_tracking,Track a shipment,train
delivery_tracking_b045,"mujhe lagta hai, tracking update de do, tracking link chahiye; parcel dispatch ke baad kahan pahucha",Delivery,delivery_tracking,Track a shipment,test
delivery_tracking_b046,courier status check kar sakte ho? tracking update nahi mil raha; tracking update nahi mil raha,Delivery,delivery_tracking,Track a shipment,validation
delivery_tracking_b047,"pls mera package abhi kahan hai, tracking link chahiye; courier ka status check karna hai",Delivery,delivery_tracking,Track a shipment,train
delivery_tracking_b048,dispatch ke baad parcel ka movement batao; tracking update nahi mil raha; shipment ka current location batao?,Delivery,delivery_tracking,Track a shipment,validation
delivery_tracking_b049,Parcel track karna hai; shipment ka current location batao; tracking link chahiye,Delivery,delivery_tracking,Track a shipment,train
delivery_tracking_b050,"mujhe lagta hai, shipment ki live/current location kya hai? parcel dispatch ke baad kahan pahucha; parcel abhi kahan hai",Delivery,delivery_tracking,Track a shipment,train
delivery_tracking_b051,"tracking update de do, shipment ka current location batao; parcel dispatch ke baad kahan pahucha",Delivery,delivery_tracking,Track a shipment,validation
delivery_tracking_b052,pls courier status check kar sakte ho? parcel dispatch ke baad kahan pahucha; tracking update nahi mil raha,Delivery,delivery_tracking,Track a shipment,train
delivery_tracking_b053,"mera package abhi kahan hai, shipment ka current location batao; courier ka status check karna hai?",Delivery,delivery_tracking,Track a shipment,train
delivery_tracking_b054,Dispatch ke baad parcel ka movement batao; parcel dispatch ke baad kahan pahucha; shipment ka current location batao,Delivery,delivery_tracking,Track a shipment,validation
delivery_tracking_b055,"mujhe lagta hai, parcel track karna hai; courier ka status check karna hai; tracking link chahiye",Delivery,delivery_tracking,Track a shipment,train
delivery_tracking_b056,shipment ki live/current location kya hai? parcel abhi kahan hai; parcel abhi kahan hai,Delivery,delivery_tracking,Track a shipment,train
delivery_tracking_b057,"pls tracking update de do, courier ka status check karna hai; parcel dispatch ke baad kahan pahucha",Delivery,delivery_tracking,Track a shipment,train
delivery_tracking_b058,courier status check kar sakte ho? parcel abhi kahan hai; tracking update nahi mil raha?,Delivery,delivery_tracking,Track a shipment,train
delivery_tracking_b059,"Mera package abhi kahan hai, courier ka status check karna hai; courier ka status check karna hai",Delivery,delivery_tracking,Track a shipment,validation
delivery_tracking_b060,"mujhe lagta hai, dispatch ke baad parcel ka movement batao; parcel abhi kahan hai; shipment ka current location batao",Delivery,delivery_tracking,Track a shipment,train
delivery_damaged_b001,parcel damaged mila; box toot kar aaya,Delivery,delivery_damaged,Package/item arrived damaged,train
delivery_damaged_b002,pls delivery receive ki but item screen se cracked hai,Delivery,delivery_damaged,Package/item arrived damaged,train
delivery_damaged_b003,"package kholne par damage dikha, box toot kar aaya?",Delivery,delivery_damaged,Package/item arrived damaged,test
delivery_damaged_b004,Item transit mein damage hua lagta hai; item screen se cracked hai,Delivery,delivery_damaged,Package/item arrived damaged,train
delivery_damaged_b005,"mujhe lagta hai, broken product mila hai: box toot kar aaya",Delivery,delivery_damaged,Package/item arrived damaged,train
delivery_damaged_b006,damaged delivery ke liye kya process hai? item screen se cracked hai,Delivery,delivery_damaged,Package/item arrived damaged,validation
delivery_damaged_b007,pls parcel damaged mila; product damage hua hai,Delivery,delivery_damaged,Package/item arrived damaged,train
delivery_damaged_b008,delivery receive ki but parcel dabba hua mila?,Delivery,delivery_damaged,Package/item arrived damaged,train
delivery_damaged_b009,"Package kholne par damage dikha, product damage hua hai",Delivery,delivery_damaged,Package/item arrived damaged,train
delivery_damaged_b010,"mujhe lagta hai, item transit mein damage hua lagta hai; parcel dabba hua mila",Delivery,delivery_damaged,Package/item arrived damaged,train
delivery_damaged_b011,broken product mila hai: product damage hua hai,Delivery,delivery_damaged,Package/item arrived damaged,train
delivery_damaged_b012,pls damaged delivery ke liye kya process hai? parcel dabba hua mila,Delivery,delivery_damaged,Package/item arrived damaged,test
delivery_damaged_b013,parcel damaged mila; package phata hua tha?,Delivery,delivery_damaged,Package/item arrived damaged,train
delivery_damaged_b014,Delivery receive ki but delivery mein product broken mila,Delivery,delivery_damaged,Package/item arrived damaged,train
delivery_damaged_b015,"mujhe lagta hai, package kholne par damage dikha, package phata hua tha",Delivery,delivery_damaged,Package/item arrived damaged,train
delivery_damaged_b016,item transit mein damage hua lagta hai; delivery mein product broken mila,Delivery,delivery_damaged,Package/item arrived damaged,train
delivery_damaged_b017,pls broken product mila hai: package phata hua tha,Delivery,delivery_damaged,Package/item arrived damaged,train
delivery_damaged_b018,damaged delivery ke liye kya process hai? delivery mein product broken mila?,Delivery,delivery_damaged,Package/item arrived damaged,validation
delivery_damaged_b019,Parcel damaged mila; item screen se cracked hai,Delivery,delivery_damaged,Package/item arrived damaged,train
delivery_damaged_b020,"mujhe lagta hai, delivery receive ki but box toot kar aaya",Delivery,delivery_damaged,Package/item arrived damaged,train
delivery_damaged_b021,"package kholne par damage dikha, item screen se cracked hai",Delivery,delivery_damaged,Package/item arrived damaged,train
delivery_damaged_b022,pls item transit mein damage hua lagta hai; box toot kar aaya,Delivery,delivery_damaged,Package/item arrived damaged,train
delivery_damaged_b023,broken product mila hai: item screen se cracked hai?,Delivery,delivery_damaged,Package/item arrived damaged,validation
delivery_damaged_b024,Damaged delivery ke liye kya process hai? box toot kar aaya,Delivery,delivery_damaged,Package/item arrived damaged,train
delivery_damaged_b025,"mujhe lagta hai, parcel damaged mila; parcel dabba hua mila",Delivery,delivery_damaged,Package/item arrived damaged,train
delivery_damaged_b026,delivery receive ki but product damage hua hai,Delivery,delivery_damaged,Package/item arrived damaged,train
delivery_damaged_b027,"pls package kholne par damage dikha, parcel dabba hua mila",Delivery,delivery_damaged,Package/item arrived damaged,train
delivery_damaged_b028,item transit mein damage hua lagta hai; product damage hua hai?,Delivery,delivery_damaged,Package/item arrived damaged,validation
delivery_damaged_b029,Broken product mila hai: parcel dabba hua mila,Delivery,delivery_damaged,Package/item arrived damaged,test
delivery_damaged_b030,"mujhe lagta hai, damaged delivery ke liye kya process hai? product damage hua hai",Delivery,delivery_damaged,Package/item arrived damaged,train
delivery_damaged_b031,parcel damaged mila; delivery mein product broken mila; product damage hua hai,Delivery,delivery_damaged,Package/item arrived damaged,test
delivery_damaged_b032,pls delivery receive ki but package phata hua tha; box toot kar aaya,Delivery,delivery_damaged,Package/item arrived damaged,validation
delivery_damaged_b033,"package kholne par damage dikha, delivery mein product broken mila; delivery mein product broken mila?",Delivery,delivery_damaged,Package/item arrived damaged,train
delivery_damaged_b034,Item transit mein damage hua lagta hai; package phata hua tha; parcel dabba hua mila,Delivery,delivery_damaged,Package/item arrived damaged,test
delivery_damaged_b035,"mujhe lagta hai, broken product mila hai: delivery mein product broken mila; item screen se cracked hai",Delivery,delivery_damaged,Package/item arrived damaged,train
delivery_damaged_b036,damaged delivery ke liye kya process hai? package phata hua tha; package phata hua tha,Delivery,delivery_damaged,Package/item arrived damaged,train
delivery_damaged_b037,pls parcel damaged mila; box toot kar aaya; product damage hua hai,Delivery,delivery_damaged,Package/item arrived damaged,test
delivery_damaged_b038,delivery receive ki but item screen se cracked hai; box toot kar aaya?,Delivery,delivery_damaged,Package/item arrived damaged,validation
delivery_damaged_b039,"Package kholne par damage dikha, box toot kar aaya; delivery mein product broken mila",Delivery,delivery_damaged,Package/item arrived damaged,train
delivery_damaged_b040,"mujhe lagta hai, item transit mein damage hua lagta hai; item screen se cracked hai; parcel dabba hua mila",Delivery,delivery_damaged,Package/item arrived damaged,train
delivery_damaged_b041,broken product mila hai: box toot kar aaya; item screen se cracked hai,Delivery,delivery_damaged,Package/item arrived damaged,validation
delivery_damaged_b042,pls damaged delivery ke liye kya process hai? item screen se cracked hai; package phata hua tha,Delivery,delivery_damaged,Package/item arrived damaged,test
delivery_damaged_b043,parcel damaged mila; product damage hua hai; product damage hua hai?,Delivery,delivery_damaged,Package/item arrived damaged,train
delivery_damaged_b044,Delivery receive ki but parcel dabba hua mila; box toot kar aaya,Delivery,delivery_damaged,Package/item arrived damaged,train
delivery_damaged_b045,"mujhe lagta hai, package kholne par damage dikha, product damage hua hai; delivery mein product broken mila",Delivery,delivery_damaged,Package/item arrived damaged,train
delivery_damaged_b046,item transit mein damage hua lagta hai; parcel dabba hua mila; parcel dabba hua mila,Delivery,delivery_damaged,Package/item arrived damaged,train
delivery_damaged_b047,pls broken product mila hai: product damage hua hai; item screen se cracked hai,Delivery,delivery_damaged,Package/item arrived damaged,train
delivery_damaged_b048,damaged delivery ke liye kya process hai? parcel dabba hua mila; package phata hua tha?,Delivery,delivery_damaged,Package/item arrived damaged,train
delivery_damaged_b049,Parcel damaged mila; package phata hua tha; product damage hua hai,Delivery,delivery_damaged,Package/item arrived damaged,test
delivery_damaged_b050,"mujhe lagta hai, delivery receive ki but delivery mein product broken mila; box toot kar aaya",Delivery,delivery_damaged,Package/item arrived damaged,train
delivery_damaged_b051,"package kholne par damage dikha, package phata hua tha; delivery mein product broken mila",Delivery,delivery_damaged,Package/item arrived damaged,train
delivery_damaged_b052,pls item transit mein damage hua lagta hai; delivery mein product broken mila; parcel dabba hua mila,Delivery,delivery_damaged,Package/item arrived damaged,train
delivery_damaged_b053,broken product mila hai: package phata hua tha; item screen se cracked hai?,Delivery,delivery_damaged,Package/item arrived damaged,train
delivery_damaged_b054,Damaged delivery ke liye kya process hai? delivery mein product broken mila; package phata hua tha,Delivery,delivery_damaged,Package/item arrived damaged,train
delivery_damaged_b055,"mujhe lagta hai, parcel damaged mila; item screen se cracked hai; product damage hua hai",Delivery,delivery_damaged,Package/item arrived damaged,validation
delivery_damaged_b056,delivery receive ki but box toot kar aaya; box toot kar aaya,Delivery,delivery_damaged,Package/item arrived damaged,validation
delivery_damaged_b057,"pls package kholne par damage dikha, item screen se cracked hai; delivery mein product broken mila",Delivery,delivery_damaged,Package/item arrived damaged,train
delivery_damaged_b058,item transit mein damage hua lagta hai; box toot kar aaya; parcel dabba hua mila?,Delivery,delivery_damaged,Package/item arrived damaged,test
delivery_damaged_b059,Broken product mila hai: item screen se cracked hai; item screen se cracked hai,Delivery,delivery_damaged,Package/item arrived damaged,train
delivery_damaged_b060,"mujhe lagta hai, damaged delivery ke liye kya process hai? box toot kar aaya; package phata hua tha",Delivery,delivery_damaged,Package/item arrived damaged,train
delivery_missing_b001,tracking mein delivered hai but app mein delivered hai par parcel nahi mila,Delivery,delivery_missing,Shipment says delivered but was not received,validation
delivery_missing_b002,"pls package delivered show ho raha hai, phir bhi mujhe parcel receive nahi hua",Delivery,delivery_missing,Shipment says delivered but was not received,test
delivery_missing_b003,"courier ne delivered mark kar diya, lekin app mein delivered hai par parcel nahi mila?",Delivery,delivery_missing,Shipment says delivered but was not received,train
delivery_missing_b004,Delivery complete dikh rahi hai aur mujhe parcel receive nahi hua,Delivery,delivery_missing,Shipment says delivered but was not received,train
delivery_missing_b005,"mujhe lagta hai, mujhe parcel mila hi nahi; app mein delivered hai par parcel nahi mila",Delivery,delivery_missing,Shipment says delivered but was not received,train
delivery_missing_b006,"please missing delivery check karo, mujhe parcel receive nahi hua",Delivery,delivery_missing,Shipment says delivered but was not received,validation
delivery_missing_b007,pls tracking mein delivered hai but courier delivered bol raha hai but package nahi aaya,Delivery,delivery_missing,Shipment says delivered but was not received,train
delivery_missing_b008,"package delivered show ho raha hai, phir bhi ghar par kisi ne package nahi liya?",Delivery,delivery_missing,Shipment says delivered but was not received,test
delivery_missing_b009,"Courier ne delivered mark kar diya, lekin courier delivered bol raha hai but package nahi aaya",Delivery,delivery_missing,Shipment says delivered but was not received,train
delivery_missing_b010,"mujhe lagta hai, delivery complete dikh rahi hai aur ghar par kisi ne package nahi liya",Delivery,delivery_missing,Shipment says delivered but was not received,train
delivery_missing_b011,mujhe parcel mila hi nahi; courier delivered bol raha hai but package nahi aaya,Delivery,delivery_missing,Shipment says delivered but was not received,test
delivery_missing_b012,"pls please missing delivery check karo, ghar par kisi ne package nahi liya",Delivery,delivery_missing,Shipment says delivered but was not received,train
delivery_missing_b013,tracking mein delivered hai but delivery complete dikhti hai?,Delivery,delivery_missing,Shipment says delivered but was not received,train
delivery_missing_b014,"Package delivered show ho raha hai, phir bhi delivered status galat lag raha hai",Delivery,delivery_missing,Shipment says delivered but was not received,train
delivery_missing_b015,"mujhe lagta hai, courier ne delivered mark kar diya, lekin delivery complete dikhti hai",Delivery,delivery_missing,Shipment says delivered but was not received,validation
delivery_missing_b016,delivery complete dikh rahi hai aur delivered status galat lag raha hai,Delivery,delivery_missing,Shipment says delivered but was not received,test
delivery_missing_b017,pls mujhe parcel mila hi nahi; delivery complete dikhti hai,Delivery,delivery_missing,Shipment says delivered but was not received,train
delivery_missing_b018,"please missing delivery check karo, delivered status galat lag raha hai?",Delivery,delivery_missing,Shipment says delivered but was not received,train
delivery_missing_b019,Tracking mein delivered hai but mujhe parcel receive nahi hua,Delivery,delivery_missing,Shipment says delivered but was not received,train
delivery_missing_b020,"mujhe lagta hai, package delivered show ho raha hai, phir bhi app mein delivered hai par parcel nahi mila",Delivery,delivery_missing,Shipment says delivered but was not received,test
delivery_missing_b021,"courier ne delivered mark kar diya, lekin mujhe parcel receive nahi hua",Delivery,delivery_missing,Shipment says delivered but was not received,train
delivery_missing_b022,pls delivery complete dikh rahi hai aur app mein delivered hai par parcel nahi mila,Delivery,delivery_missing,Shipment says delivered but was not received,train
delivery_missing_b023,mujhe parcel mila hi nahi; mujhe parcel receive nahi hua?,Delivery,delivery_missing,Shipment says delivered but was not received,train
delivery_missing_b024,"Please missing delivery check karo, app mein delivered hai par parcel nahi mila",Delivery,delivery_missing,Shipment says delivered but was not received,train
delivery_missing_b025,"mujhe lagta hai, tracking mein delivered hai but ghar par kisi ne package nahi liya",Delivery,delivery_missing,Shipment says delivered but was not received,train
delivery_missing_b026,"package delivered show ho raha hai, phir bhi courier delivered bol raha hai but package nahi aaya",Delivery,delivery_missing,Shipment says delivered but was not received,train
delivery_missing_b027,"pls courier ne delivered mark kar diya, lekin ghar par kisi ne package nahi liya",Delivery,delivery_missing,Shipment says delivered but was not received,validation
delivery_missing_b028,delivery complete dikh rahi hai aur courier delivered bol raha hai but package nahi aaya?,Delivery,delivery_missing,Shipment says delivered but was not received,train
delivery_missing_b029,Mujhe parcel mila hi nahi; ghar par kisi ne package nahi liya,Delivery,delivery_missing,Shipment says delivered but was not received,train
delivery_missing_b030,"mujhe lagta hai, please missing delivery check karo, courier delivered bol raha hai but package nahi aaya",Delivery,delivery_missing,Shipment says delivered but was not received,validation
delivery_missing_b031,tracking mein delivered hai but delivered status galat lag raha hai; courier delivered bol raha hai but package nahi aaya,Delivery,delivery_missing,Shipment says delivered but was not received,train
delivery_missing_b032,"pls package delivered show ho raha hai, phir bhi delivery complete dikhti hai; app mein delivered hai par parcel nahi mila",Delivery,delivery_missing,Shipment says delivered but was not received,train
delivery_missing_b033,"courier ne delivered mark kar diya, lekin delivered status galat lag raha hai; delivered status galat lag raha hai?",Delivery,delivery_missing,Shipment says delivered but was not received,train
delivery_missing_b034,Delivery complete dikh rahi hai aur delivery complete dikhti hai; ghar par kisi ne package nahi liya,Delivery,delivery_missing,Shipment says delivered but was not received,train
delivery_missing_b035,"mujhe lagta hai, mujhe parcel mila hi nahi; delivered status galat lag raha hai; mujhe parcel receive nahi hua",Delivery,delivery_missing,Shipment says delivered but was not received,train
delivery_missing_b036,"please missing delivery check karo, delivery complete dikhti hai; delivery complete dikhti hai",Delivery,delivery_missing,Shipment says delivered but was not received,validation
delivery_missing_b037,pls tracking mein delivered hai but app mein delivered hai par parcel nahi mila; courier delivered bol raha hai but package nahi aaya,Delivery,delivery_missing,Shipment says delivered but was not received,train
delivery_missing_b038,"package delivered show ho raha hai, phir bhi mujhe parcel receive nahi hua; app mein delivered hai par parcel nahi mila?",Delivery,delivery_missing,Shipment says delivered but was not received,train
delivery_missing_b039,"Courier ne delivered mark kar diya, lekin app mein delivered hai par parcel nahi mila; delivered status galat lag raha hai",Delivery,delivery_missing,Shipment says delivered but was not received,test
delivery_missing_b040,"mujhe lagta hai, delivery complete dikh rahi hai aur mujhe parcel receive nahi hua; ghar par kisi ne package nahi liya",Delivery,delivery_missing,Shipment says delivered but was not received,train
delivery_missing_b041,mujhe parcel mila hi nahi; app mein delivered hai par parcel nahi mila; mujhe parcel receive nahi hua,Delivery,delivery_missing,Shipment says delivered but was not received,test
delivery_missing_b042,"pls please missing delivery check karo, mujhe parcel receive nahi hua; delivery complete dikhti hai",Delivery,delivery_missing,Shipment says delivered but was not received,train
delivery_missing_b043,tracking mein delivered hai but courier delivered bol raha hai but package nahi aaya; courier delivered bol raha hai but package nahi aaya?,Delivery,delivery_missing,Shipment says delivered but was not received,train
delivery_missing_b044,"Package delivered show ho raha hai, phir bhi ghar par kisi ne package nahi liya; app mein delivered hai par parcel nahi mila",Delivery,delivery_missing,Shipment says delivered but was not received,train
delivery_missing_b045,"mujhe lagta hai, courier ne delivered mark kar diya, lekin courier delivered bol raha hai but package nahi aaya; delivered status galat lag raha hai",Delivery,delivery_missing,Shipment says delivered but was not received,validation
delivery_missing_b046,delivery complete dikh rahi hai aur ghar par kisi ne package nahi liya; ghar par kisi ne package nahi liya,Delivery,delivery_missing,Shipment says delivered but was not received,test
delivery_missing_b047,pls mujhe parcel mila hi nahi; courier delivered bol raha hai but package nahi aaya; mujhe parcel receive nahi hua,Delivery,delivery_missing,Shipment says delivered but was not received,train
delivery_missing_b048,"please missing delivery check karo, ghar par kisi ne package nahi liya; delivery complete dikhti hai?",Delivery,delivery_missing,Shipment says delivered but was not received,train
delivery_missing_b049,Tracking mein delivered hai but delivery complete dikhti hai; courier delivered bol raha hai but package nahi aaya,Delivery,delivery_missing,Shipment says delivered but was not received,train
delivery_missing_b050,"mujhe lagta hai, package delivered show ho raha hai, phir bhi delivered status galat lag raha hai; app mein delivered hai par parcel nahi mila",Delivery,delivery_missing,Shipment says delivered but was not received,train
delivery_missing_b051,"courier ne delivered mark kar diya, lekin delivery complete dikhti hai; delivered status galat lag raha hai",Delivery,delivery_missing,Shipment says delivered but was not received,validation
delivery_missing_b052,pls delivery complete dikh rahi hai aur delivered status galat lag raha hai; ghar par kisi ne package nahi liya,Delivery,delivery_missing,Shipment says delivered but was not received,test
delivery_missing_b053,mujhe parcel mila hi nahi; delivery complete dikhti hai; mujhe parcel receive nahi hua?,Delivery,delivery_missing,Shipment says delivered but was not received,train
delivery_missing_b054,"Please missing delivery check karo, delivered status galat lag raha hai; delivery complete dikhti hai",Delivery,delivery_missing,Shipment says delivered but was not received,train
delivery_missing_b055,"mujhe lagta hai, tracking mein delivered hai but mujhe parcel receive nahi hua; courier delivered bol raha hai but package nahi aaya",Delivery,delivery_missing,Shipment says delivered but was not received,train
delivery_missing_b056,"package delivered show ho raha hai, phir bhi app mein delivered hai par parcel nahi mila; app mein delivered hai par parcel nahi mila",Delivery,delivery_missing,Shipment says delivered but was not received,train
delivery_missing_b057,"pls courier ne delivered mark kar diya, lekin mujhe parcel receive nahi hua; delivered status galat lag raha hai",Delivery,delivery_missing,Shipment says delivered but was not received,train
delivery_missing_b058,delivery complete dikh rahi hai aur app mein delivered hai par parcel nahi mila; ghar par kisi ne package nahi liya?,Delivery,delivery_missing,Shipment says delivered but was not received,train
delivery_missing_b059,Mujhe parcel mila hi nahi; mujhe parcel receive nahi hua; mujhe parcel receive nahi hua,Delivery,delivery_missing,Shipment says delivered but was not received,train
delivery_missing_b060,"mujhe lagta hai, please missing delivery check karo, app mein delivered hai par parcel nahi mila; delivery complete dikhti hai",Delivery,delivery_missing,Shipment says delivered but was not received,validation
account_login_b001,login nahi ho raha; account mein login nahi ho raha,Account & Support,account_login,Login/account access problem,train
account_login_b002,"pls account access nahi mil raha, login error aa raha hai",Account & Support,account_login,Login/account access problem,train
account_login_b003,sign in karte waqt issue aa raha hai: account mein login nahi ho raha?,Account & Support,account_login,Login/account access problem,validation
account_login_b004,"Main account open nahi kar pa raha, login error aa raha hai",Account & Support,account_login,Login/account access problem,train
account_login_b005,"mujhe lagta hai, login error aa raha hai aur account mein login nahi ho raha",Account & Support,account_login,Login/account access problem,train
account_login_b006,please login problem solve karo; login error aa raha hai,Account & Support,account_login,Login/account access problem,train
account_login_b007,pls login nahi ho raha; OTP ke baad bhi sign in nahi hota,Account & Support,account_login,Login/account access problem,train
account_login_b008,"account access nahi mil raha, registered number se access nahi mil raha?",Account & Support,account_login,Login/account access problem,train
account_login_b009,Sign in karte waqt issue aa raha hai: otp ke baad bhi sign in nahi hota,Account & Support,account_login,Login/account access problem,train
account_login_b010,"mujhe lagta hai, main account open nahi kar pa raha, registered number se access nahi mil raha",Account & Support,account_login,Login/account access problem,train
account_login_b011,login error aa raha hai aur OTP ke baad bhi sign in nahi hota,Account & Support,account_login,Login/account access problem,train
account_login_b012,pls please login problem solve karo; registered number se access nahi mil raha,Account & Support,account_login,Login/account access problem,train
account_login_b013,login nahi ho raha; app mujhe logout kar deti hai?,Account & Support,account_login,Login/account access problem,test
account_login_b014,"Account access nahi mil raha, account open nahi ho raha",Account & Support,account_login,Login/account access problem,train
account_login_b015,"mujhe lagta hai, sign in karte waqt issue aa raha hai: app mujhe logout kar deti hai",Account & Support,account_login,Login/account access problem,test
account_login_b016,"main account open nahi kar pa raha, account open nahi ho raha",Account & Support,account_login,Login/account access problem,test
account_login_b017,pls login error aa raha hai aur app mujhe logout kar deti hai,Account & Support,account_login,Login/account access problem,train
account_login_b018,please login problem solve karo; account open nahi ho raha?,Account & Support,account_login,Login/account access problem,train
account_login_b019,Login nahi ho raha; login error aa raha hai,Account & Support,account_login,Login/account access problem,train
account_login_b020,"mujhe lagta hai, account access nahi mil raha, account mein login nahi ho raha",Account & Support,account_login,Login/account access problem,train
account_login_b021,sign in karte waqt issue aa raha hai: login error aa raha hai,Account & Support,account_login,Login/account access problem,test
account_login_b022,"pls main account open nahi kar pa raha, account mein login nahi ho raha",Account & Support,account_login,Login/account access problem,train
account_login_b023,login error aa raha hai aur login error aa raha hai?,Account & Support,account_login,Login/account access problem,train
account_login_b024,Please login problem solve karo; account mein login nahi ho raha,Account & Support,account_login,Login/account access problem,train
account_login_b025,"mujhe lagta hai, login nahi ho raha; registered number se access nahi mil raha",Account & Support,account_login,Login/account access problem,test
account_login_b026,"account access nahi mil raha, OTP ke baad bhi sign in nahi hota",Account & Support,account_login,Login/account access problem,train
account_login_b027,pls sign in karte waqt issue aa raha hai: registered number se access nahi mil raha,Account & Support,account_login,Login/account access problem,validation
account_login_b028,"main account open nahi kar pa raha, OTP ke baad bhi sign in nahi hota?",Account & Support,account_login,Login/account access problem,train
account_login_b029,Login error aa raha hai aur registered number se access nahi mil raha,Account & Support,account_login,Login/account access problem,train
account_login_b030,"mujhe lagta hai, please login problem solve karo; OTP ke baad bhi sign in nahi hota",Account & Support,account_login,Login/account access problem,test
account_login_b031,login nahi ho raha; account open nahi ho raha; OTP ke baad bhi sign in nahi hota,Account & Support,account_login,Login/account access problem,validation
account_login_b032,"pls account access nahi mil raha, app mujhe logout kar deti hai; account mein login nahi ho raha",Account & Support,account_login,Login/account access problem,train
account_login_b033,sign in karte waqt issue aa raha hai: account open nahi ho raha; account open nahi ho raha?,Account & Support,account_login,Login/account access problem,train
account_login_b034,"Main account open nahi kar pa raha, app mujhe logout kar deti hai; registered number se access nahi mil raha",Account & Support,account_login,Login/account access problem,train
account_login_b035,"mujhe lagta hai, login error aa raha hai aur account open nahi ho raha; login error aa raha hai",Account & Support,account_login,Login/account access problem,train
account_login_b036,please login problem solve karo; app mujhe logout kar deti hai; app mujhe logout kar deti hai,Account & Support,account_login,Login/account access problem,train
account_login_b037,pls login nahi ho raha; account mein login nahi ho raha; OTP ke baad bhi sign in nahi hota,Account & Support,account_login,Login/account access problem,test
account_login_b038,"account access nahi mil raha, login error aa raha hai; account mein login nahi ho raha?",Account & Support,account_login,Login/account access problem,train
account_login_b039,Sign in karte waqt issue aa raha hai: account mein login nahi ho raha; account open nahi ho raha,Account & Support,account_login,Login/account access problem,train
account_login_b040,"mujhe lagta hai, main account open nahi kar pa raha, login error aa raha hai; registered number se access nahi mil raha",Account & Support,account_login,Login/account access problem,train
account_login_b041,login error aa raha hai aur account mein login nahi ho raha; login error aa raha hai,Account & Support,account_login,Login/account access problem,train
account_login_b042,pls please login problem solve karo; login error aa raha hai; app mujhe logout kar deti hai,Account & Support,account_login,Login/account access problem,train
account_login_b043,login nahi ho raha; OTP ke baad bhi sign in nahi hota; OTP ke baad bhi sign in nahi hota?,Account & Support,account_login,Login/account access problem,validation
account_login_b044,"Account access nahi mil raha, registered number se access nahi mil raha; account mein login nahi ho raha",Account & Support,account_login,Login/account access problem,train
account_login_b045,"mujhe lagta hai, sign in karte waqt issue aa raha hai: OTP ke baad bhi sign in nahi hota; account open nahi ho raha",Account & Support,account_login,Login/account access problem,test
account_login_b046,"main account open nahi kar pa raha, registered number se access nahi mil raha; registered number se access nahi mil raha",Account & Support,account_login,Login/account access problem,validation
account_login_b047,pls login error aa raha hai aur OTP ke baad bhi sign in nahi hota; login error aa raha hai,Account & Support,account_login,Login/account access problem,train
account_login_b048,please login problem solve karo; registered number se access nahi mil raha; app mujhe logout kar deti hai?,Account & Support,account_login,Login/account access problem,train
account_login_b049,Login nahi ho raha; app mujhe logout kar deti hai; otp ke baad bhi sign in nahi hota,Account & Support,account_login,Login/account access problem,train
account_login_b050,"mujhe lagta hai, account access nahi mil raha, account open nahi ho raha; account mein login nahi ho raha",Account & Support,account_login,Login/account access problem,validation
account_login_b051,sign in karte waqt issue aa raha hai: app mujhe logout kar deti hai; account open nahi ho raha,Account & Support,account_login,Login/account access problem,train
account_login_b052,"pls main account open nahi kar pa raha, account open nahi ho raha; registered number se access nahi mil raha",Account & Support,account_login,Login/account access problem,train
account_login_b053,login error aa raha hai aur app mujhe logout kar deti hai; login error aa raha hai?,Account & Support,account_login,Login/account access problem,validation
account_login_b054,Please login problem solve karo; account open nahi ho raha; app mujhe logout kar deti hai,Account & Support,account_login,Login/account access problem,train
account_login_b055,"mujhe lagta hai, login nahi ho raha; login error aa raha hai; OTP ke baad bhi sign in nahi hota",Account & Support,account_login,Login/account access problem,train
account_login_b056,"account access nahi mil raha, account mein login nahi ho raha; account mein login nahi ho raha",Account & Support,account_login,Login/account access problem,test
account_login_b057,pls sign in karte waqt issue aa raha hai: login error aa raha hai; account open nahi ho raha,Account & Support,account_login,Login/account access problem,train
account_login_b058,"main account open nahi kar pa raha, account mein login nahi ho raha; registered number se access nahi mil raha?",Account & Support,account_login,Login/account access problem,validation
account_login_b059,Login error aa raha hai aur login error aa raha hai; login error aa raha hai,Account & Support,account_login,Login/account access problem,validation
account_login_b060,"mujhe lagta hai, please login problem solve karo; account mein login nahi ho raha; app mujhe logout kar deti hai",Account & Support,account_login,Login/account access problem,train
password_reset_b001,password reset karna hai; password bhool gaya hoon,Account & Support,password_reset,Reset or change forgotten password,train
password_reset_b002,"pls mera password yaad nahi, old password yaad nahi",Account & Support,password_reset,Reset or change forgotten password,validation
password_reset_b003,new password set karne ka tareeka batao; password bhool gaya hoon?,Account & Support,password_reset,Reset or change forgotten password,validation
password_reset_b004,Reset link chahiye kyunki old password yaad nahi,Account & Support,password_reset,Reset or change forgotten password,validation
password_reset_b005,"mujhe lagta hai, password change karna hai, password bhool gaya hoon",Account & Support,password_reset,Reset or change forgotten password,train
password_reset_b006,forgot password mein help chahiye: old password yaad nahi,Account & Support,password_reset,Reset or change forgotten password,train
password_reset_b007,pls password reset karna hai; naya password set karna hai,Account & Support,password_reset,Reset or change forgotten password,test
password_reset_b008,"mera password yaad nahi, login ke liye password change karna hai?",Account & Support,password_reset,Reset or change forgotten password,train
password_reset_b009,New password set karne ka tareeka batao; naya password set karna hai,Account & Support,password_reset,Reset or change forgotten password,train
password_reset_b010,"mujhe lagta hai, reset link chahiye kyunki login ke liye password change karna hai",Account & Support,password_reset,Reset or change forgotten password,train
password_reset_b011,"password change karna hai, naya password set karna hai",Account & Support,password_reset,Reset or change forgotten password,test
password_reset_b012,pls forgot password mein help chahiye: login ke liye password change karna hai,Account & Support,password_reset,Reset or change forgotten password,train
password_reset_b013,password reset karna hai; password reset link chahiye?,Account & Support,password_reset,Reset or change forgotten password,train
password_reset_b014,"Mera password yaad nahi, reset karne ka option nahi mil raha",Account & Support,password_reset,Reset or change forgotten password,train
password_reset_b015,"mujhe lagta hai, new password set karne ka tareeka batao; password reset link chahiye",Account & Support,password_reset,Reset or change forgotten password,train
password_reset_b016,reset link chahiye kyunki reset karne ka option nahi mil raha,Account & Support,password_reset,Reset or change forgotten password,train
password_reset_b017,"pls password change karna hai, password reset link chahiye",Account & Support,password_reset,Reset or change forgotten password,train
password_reset_b018,forgot password mein help chahiye: reset karne ka option nahi mil raha?,Account & Support,password_reset,Reset or change forgotten password,train
password_reset_b019,Password reset karna hai; old password yaad nahi,Account & Support,password_reset,Reset or change forgotten password,validation
password_reset_b020,"mujhe lagta hai, mera password yaad nahi, password bhool gaya hoon",Account & Support,password_reset,Reset or change forgotten password,validation
password_reset_b021,new password set karne ka tareeka batao; old password yaad nahi,Account & Support,password_reset,Reset or change forgotten password,validation
password_reset_b022,pls reset link chahiye kyunki password bhool gaya hoon,Account & Support,password_reset,Reset or change forgotten password,train
password_reset_b023,"password change karna hai, old password yaad nahi?",Account & Support,password_reset,Reset or change forgotten password,validation
password_reset_b024,Forgot password mein help chahiye: password bhool gaya hoon,Account & Support,password_reset,Reset or change forgotten password,validation
password_reset_b025,"mujhe lagta hai, password reset karna hai; login ke liye password change karna hai",Account & Support,password_reset,Reset or change forgotten password,train
password_reset_b026,"mera password yaad nahi, naya password set karna hai",Account & Support,password_reset,Reset or change forgotten password,train
password_reset_b027,pls new password set karne ka tareeka batao; login ke liye password change karna hai,Account & Support,password_reset,Reset or change forgotten password,train
password_reset_b028,reset link chahiye kyunki naya password set karna hai?,Account & Support,password_reset,Reset or change forgotten password,test
password_reset_b029,"Password change karna hai, login ke liye password change karna hai",Account & Support,password_reset,Reset or change forgotten password,test
password_reset_b030,"mujhe lagta hai, forgot password mein help chahiye: naya password set karna hai",Account & Support,password_reset,Reset or change forgotten password,train
password_reset_b031,password reset karna hai; reset karne ka option nahi mil raha; naya password set karna hai,Account & Support,password_reset,Reset or change forgotten password,train
password_reset_b032,"pls mera password yaad nahi, password reset link chahiye; password bhool gaya hoon",Account & Support,password_reset,Reset or change forgotten password,train
password_reset_b033,new password set karne ka tareeka batao; reset karne ka option nahi mil raha; reset karne ka option nahi mil raha?,Account & Support,password_reset,Reset or change forgotten password,train
password_reset_b034,Reset link chahiye kyunki password reset link chahiye; login ke liye password change karna hai,Account & Support,password_reset,Reset or change forgotten password,train
password_reset_b035,"mujhe lagta hai, password change karna hai, reset karne ka option nahi mil raha; old password yaad nahi",Account & Support,password_reset,Reset or change forgotten password,train
password_reset_b036,forgot password mein help chahiye: password reset link chahiye; password reset link chahiye,Account & Support,password_reset,Reset or change forgotten password,train
password_reset_b037,pls password reset karna hai; password bhool gaya hoon; naya password set karna hai,Account & Support,password_reset,Reset or change forgotten password,train
password_reset_b038,"mera password yaad nahi, old password yaad nahi; password bhool gaya hoon?",Account & Support,password_reset,Reset or change forgotten password,train
password_reset_b039,New password set karne ka tareeka batao; password bhool gaya hoon; reset karne ka option nahi mil raha,Account & Support,password_reset,Reset or change forgotten password,train
password_reset_b040,"mujhe lagta hai, reset link chahiye kyunki old password yaad nahi; login ke liye password change karna hai",Account & Support,password_reset,Reset or change forgotten password,train
password_reset_b041,"password change karna hai, password bhool gaya hoon; old password yaad nahi",Account & Support,password_reset,Reset or change forgotten password,test
password_reset_b042,pls forgot password mein help chahiye: old password yaad nahi; password reset link chahiye,Account & Support,password_reset,Reset or change forgotten password,train
password_reset_b043,password reset karna hai; naya password set karna hai; naya password set karna hai?,Account & Support,password_reset,Reset or change forgotten password,train
password_reset_b044,"Mera password yaad nahi, login ke liye password change karna hai; password bhool gaya hoon",Account & Support,password_reset,Reset or change forgotten password,train
password_reset_b045,"mujhe lagta hai, new password set karne ka tareeka batao; naya password set karna hai; reset karne ka option nahi mil raha",Account & Support,password_reset,Reset or change forgotten password,test
password_reset_b046,reset link chahiye kyunki login ke liye password change karna hai; login ke liye password change karna hai,Account & Support,password_reset,Reset or change forgotten password,test
password_reset_b047,"pls password change karna hai, naya password set karna hai; old password yaad nahi",Account & Support,password_reset,Reset or change forgotten password,train
password_reset_b048,forgot password mein help chahiye: login ke liye password change karna hai; password reset link chahiye?,Account & Support,password_reset,Reset or change forgotten password,train
password_reset_b049,Password reset karna hai; password reset link chahiye; naya password set karna hai,Account & Support,password_reset,Reset or change forgotten password,test
password_reset_b050,"mujhe lagta hai, mera password yaad nahi, reset karne ka option nahi mil raha; password bhool gaya hoon",Account & Support,password_reset,Reset or change forgotten password,train
password_reset_b051,new password set karne ka tareeka batao; password reset link chahiye; reset karne ka option nahi mil raha,Account & Support,password_reset,Reset or change forgotten password,train
password_reset_b052,pls reset link chahiye kyunki reset karne ka option nahi mil raha; login ke liye password change karna hai,Account & Support,password_reset,Reset or change forgotten password,train
password_reset_b053,"password change karna hai, password reset link chahiye; old password yaad nahi?",Account & Support,password_reset,Reset or change forgotten password,train
password_reset_b054,Forgot password mein help chahiye: reset karne ka option nahi mil raha; password reset link chahiye,Account & Support,password_reset,Reset or change forgotten password,train
password_reset_b055,"mujhe lagta hai, password reset karna hai; old password yaad nahi; naya password set karna hai",Account & Support,password_reset,Reset or change forgotten password,train
password_reset_b056,"mera password yaad nahi, password bhool gaya hoon; password bhool gaya hoon",Account & Support,password_reset,Reset or change forgotten password,train
password_reset_b057,pls new password set karne ka tareeka batao; old password yaad nahi; reset karne ka option nahi mil raha,Account & Support,password_reset,Reset or change forgotten password,train
password_reset_b058,reset link chahiye kyunki password bhool gaya hoon; login ke liye password change karna hai?,Account & Support,password_reset,Reset or change forgotten password,train
password_reset_b059,"Password change karna hai, old password yaad nahi; old password yaad nahi",Account & Support,password_reset,Reset or change forgotten password,test
password_reset_b060,"mujhe lagta hai, forgot password mein help chahiye: password bhool gaya hoon; password reset link chahiye",Account & Support,password_reset,Reset or change forgotten password,validation
profile_change_b001,profile details update karni hain; phone number update karna hai,Account & Support,profile_change,Change profile/account details,validation
profile_change_b002,"pls account information change karni hai, account details update karni hain",Account & Support,profile_change,Change profile/account details,test
profile_change_b003,please profile edit karne ka option batao; phone number update karna hai?,Account & Support,profile_change,Change profile/account details,train
profile_change_b004,Meri profile mein purani info hai: account details update karni hain,Account & Support,profile_change,Change profile/account details,validation
profile_change_b005,"mujhe lagta hai, personal details modify karni hain, phone number update karna hai",Account & Support,profile_change,Change profile/account details,train
profile_change_b006,account details update ho sakti hain? account details update karni hain,Account & Support,profile_change,Change profile/account details,train
profile_change_b007,pls profile details update karni hain; email address change karna hai,Account & Support,profile_change,Change profile/account details,train
profile_change_b008,"account information change karni hai, billing information change karni hai?",Account & Support,profile_change,Change profile/account details,train
profile_change_b009,Please profile edit karne ka option batao; email address change karna hai,Account & Support,profile_change,Change profile/account details,train
profile_change_b010,"mujhe lagta hai, meri profile mein purani info hai: billing information change karni hai",Account & Support,profile_change,Change profile/account details,train
profile_change_b011,"personal details modify karni hain, email address change karna hai",Account & Support,profile_change,Change profile/account details,train
profile_change_b012,pls account details update ho sakti hain? billing information change karni hai,Account & Support,profile_change,Change profile/account details,train
profile_change_b013,profile details update karni hain; profile name edit karna hai?,Account & Support,profile_change,Change profile/account details,train
profile_change_b014,"Account information change karni hai, profile mein purani information hai",Account & Support,profile_change,Change profile/account details,train
profile_change_b015,"mujhe lagta hai, please profile edit karne ka option batao; profile name edit karna hai",Account & Support,profile_change,Change profile/account details,train
profile_change_b016,meri profile mein purani info hai: profile mein purani information hai,Account & Support,profile_change,Change profile/account details,test
profile_change_b017,"pls personal details modify karni hain, profile name edit karna hai",Account & Support,profile_change,Change profile/account details,train
profile_change_b018,account details update ho sakti hain? profile mein purani information hai?,Account & Support,profile_change,Change profile/account details,validation
profile_change_b019,Profile details update karni hain; account details update karni hain,Account & Support,profile_change,Change profile/account details,test
profile_change_b020,"mujhe lagta hai, account information change karni hai, phone number update karna hai",Account & Support,profile_change,Change profile/account details,train
profile_change_b021,please profile edit karne ka option batao; account details update karni hain,Account & Support,profile_change,Change profile/account details,train
profile_change_b022,pls meri profile mein purani info hai: phone number update karna hai,Account & Support,profile_change,Change profile/account details,train
profile_change_b023,"personal details modify karni hain, account details update karni hain?",Account & Support,profile_change,Change profile/account details,test
profile_change_b024,Account details update ho sakti hain? phone number update karna hai,Account & Support,profile_change,Change profile/account details,train
profile_change_b025,"mujhe lagta hai, profile details update karni hain; billing information change karni hai",Account & Support,profile_change,Change profile/account details,test
profile_change_b026,"account information change karni hai, email address change karna hai",Account & Support,profile_change,Change profile/account details,validation
profile_change_b027,pls please profile edit karne ka option batao; billing information change karni hai,Account & Support,profile_change,Change profile/account details,train
profile_change_b028,meri profile mein purani info hai: email address change karna hai?,Account & Support,profile_change,Change profile/account details,train
profile_change_b029,"Personal details modify karni hain, billing information change karni hai",Account & Support,profile_change,Change profile/account details,train
profile_change_b030,"mujhe lagta hai, account details update ho sakti hain? email address change karna hai",Account & Support,profile_change,Change profile/account details,train
profile_change_b031,profile details update karni hain; profile mein purani information hai; email address change karna hai,Account & Support,profile_change,Change profile/account details,train
profile_change_b032,"pls account information change karni hai, profile name edit karna hai; phone number update karna hai",Account & Support,profile_change,Change profile/account details,validation
profile_change_b033,please profile edit karne ka option batao; profile mein purani information hai; profile mein purani information hai?,Account & Support,profile_change,Change profile/account details,train
profile_change_b034,Meri profile mein purani info hai: profile name edit karna hai; billing information change karni hai,Account & Support,profile_change,Change profile/account details,train
profile_change_b035,"mujhe lagta hai, personal details modify karni hain, profile mein purani information hai; account details update karni hain",Account & Support,profile_change,Change profile/account details,train
profile_change_b036,account details update ho sakti hain? profile name edit karna hai; profile name edit karna hai,Account & Support,profile_change,Change profile/account details,train
profile_change_b037,pls profile details update karni hain; phone number update karna hai; email address change karna hai,Account & Support,profile_change,Change profile/account details,test
profile_change_b038,"account information change karni hai, account details update karni hain; phone number update karna hai?",Account & Support,profile_change,Change profile/account details,train
profile_change_b039,Please profile edit karne ka option batao; phone number update karna hai; profile mein purani information hai,Account & Support,profile_change,Change profile/account details,validation
profile_change_b040,"mujhe lagta hai, meri profile mein purani info hai: account details update karni hain; billing information change karni hai",Account & Support,profile_change,Change profile/account details,train
profile_change_b041,"personal details modify karni hain, phone number update karna hai; account details update karni hain",Account & Support,profile_change,Change profile/account details,train
profile_change_b042,pls account details update ho sakti hain? account details update karni hain; profile name edit karna hai,Account & Support,profile_change,Change profile/account details,train
profile_change_b043,profile details update karni hain; email address change karna hai; email address change karna hai?,Account & Support,profile_change,Change profile/account details,validation
profile_change_b044,"Account information change karni hai, billing information change karni hai; phone number update karna hai",Account & Support,profile_change,Change profile/account details,validation
profile_change_b045,"mujhe lagta hai, please profile edit karne ka option batao; email address change karna hai; profile mein purani information hai",Account & Support,profile_change,Change profile/account details,test
profile_change_b046,meri profile mein purani info hai: billing information change karni hai; billing information change karni hai,Account & Support,profile_change,Change profile/account details,train
profile_change_b047,"pls personal details modify karni hain, email address change karna hai; account details update karni hain",Account & Support,profile_change,Change profile/account details,train
profile_change_b048,account details update ho sakti hain? billing information change karni hai; profile name edit karna hai?,Account & Support,profile_change,Change profile/account details,train
profile_change_b049,Profile details update karni hain; profile name edit karna hai; email address change karna hai,Account & Support,profile_change,Change profile/account details,train
profile_change_b050,"mujhe lagta hai, account information change karni hai, profile mein purani information hai; phone number update karna hai",Account & Support,profile_change,Change profile/account details,train
profile_change_b051,please profile edit karne ka option batao; profile name edit karna hai; profile mein purani information hai,Account & Support,profile_change,Change profile/account details,train
profile_change_b052,pls meri profile mein purani info hai: profile mein purani information hai; billing information change karni hai,Account & Support,profile_change,Change profile/account details,train
profile_change_b053,"personal details modify karni hain, profile name edit karna hai; account details update karni hain?",Account & Support,profile_change,Change profile/account details,train
profile_change_b054,Account details update ho sakti hain? profile mein purani information hai; profile name edit karna hai,Account & Support,profile_change,Change profile/account details,train
profile_change_b055,"mujhe lagta hai, profile details update karni hain; account details update karni hain; email address change karna hai",Account & Support,profile_change,Change profile/account details,test
profile_change_b056,"account information change karni hai, phone number update karna hai; phone number update karna hai",Account & Support,profile_change,Change profile/account details,validation
profile_change_b057,pls please profile edit karne ka option batao; account details update karni hain; profile mein purani information hai,Account & Support,profile_change,Change profile/account details,train
profile_change_b058,meri profile mein purani info hai: phone number update karna hai; billing information change karni hai?,Account & Support,profile_change,Change profile/account details,test
profile_change_b059,"Personal details modify karni hain, account details update karni hain; account details update karni hain",Account & Support,profile_change,Change profile/account details,train
profile_change_b060,"mujhe lagta hai, account details update ho sakti hain? phone number update karna hai; profile name edit karna hai",Account & Support,profile_change,Change profile/account details,train
human_agent_b001,mujhe human agent se baat karni hai; mujhe real person se baat karni hai,Account & Support,human_agent,Ask to speak with a human support agent,test
human_agent_b002,"pls bot se kaam nahi ban raha, human support chahiye",Account & Support,human_agent,Ask to speak with a human support agent,train
human_agent_b003,"customer care executive se connect karo, mujhe real person se baat karni hai?",Account & Support,human_agent,Ask to speak with a human support agent,train
human_agent_b004,Real person chahiye jo help kare; human support chahiye,Account & Support,human_agent,Ask to speak with a human support agent,train
human_agent_b005,"mujhe lagta hai, kisi support agent ko chat par lao, mujhe real person se baat karni hai",Account & Support,human_agent,Ask to speak with a human support agent,train
human_agent_b006,automated support ke bajay human support chahiye,Account & Support,human_agent,Ask to speak with a human support agent,test
human_agent_b007,pls mujhe human agent se baat karni hai; bot se help nahi ho rahi,Account & Support,human_agent,Ask to speak with a human support agent,validation
human_agent_b008,"bot se kaam nahi ban raha, kisi agent ko chat par lao?",Account & Support,human_agent,Ask to speak with a human support agent,test
human_agent_b009,"Customer care executive se connect karo, bot se help nahi ho rahi",Account & Support,human_agent,Ask to speak with a human support agent,train
human_agent_b010,"mujhe lagta hai, real person chahiye jo help kare; kisi agent ko chat par lao",Account & Support,human_agent,Ask to speak with a human support agent,train
human_agent_b011,"kisi support agent ko chat par lao, bot se help nahi ho rahi",Account & Support,human_agent,Ask to speak with a human support agent,train
human_agent_b012,pls automated support ke bajay kisi agent ko chat par lao,Account & Support,human_agent,Ask to speak with a human support agent,train
human_agent_b013,mujhe human agent se baat karni hai; customer care executive se connect karo?,Account & Support,human_agent,Ask to speak with a human support agent,train
human_agent_b014,"Bot se kaam nahi ban raha, automated replies nahi chahiye",Account & Support,human_agent,Ask to speak with a human support agent,train
human_agent_b015,"mujhe lagta hai, customer care executive se connect karo, customer care executive se connect karo",Account & Support,human_agent,Ask to speak with a human support agent,train
human_agent_b016,real person chahiye jo help kare; automated replies nahi chahiye,Account & Support,human_agent,Ask to speak with a human support agent,train
human_agent_b017,"pls kisi support agent ko chat par lao, customer care executive se connect karo",Account & Support,human_agent,Ask to speak with a human support agent,test
human_agent_b018,automated support ke bajay automated replies nahi chahiye?,Account & Support,human_agent,Ask to speak with a human support agent,train
human_agent_b019,Mujhe human agent se baat karni hai; human support chahiye,Account & Support,human_agent,Ask to speak with a human support agent,train
human_agent_b020,"mujhe lagta hai, bot se kaam nahi ban raha, mujhe real person se baat karni hai",Account & Support,human_agent,Ask to speak with a human support agent,train
human_agent_b021,"customer care executive se connect karo, human support chahiye",Account & Support,human_agent,Ask to speak with a human support agent,train
human_agent_b022,pls real person chahiye jo help kare; mujhe real person se baat karni hai,Account & Support,human_agent,Ask to speak with a human support agent,train
human_agent_b023,"kisi support agent ko chat par lao, human support chahiye?",Account & Support,human_agent,Ask to speak with a human support agent,train
human_agent_b024,Automated support ke bajay mujhe real person se baat karni hai,Account & Support,human_agent,Ask to speak with a human support agent,test
human_agent_b025,"mujhe lagta hai, mujhe human agent se baat karni hai; kisi agent ko chat par lao",Account & Support,human_agent,Ask to speak with a human support agent,validation
human_agent_b026,"bot se kaam nahi ban raha, bot se help nahi ho rahi",Account & Support,human_agent,Ask to speak with a human support agent,test
human_agent_b027,"pls customer care executive se connect karo, kisi agent ko chat par lao",Account & Support,human_agent,Ask to speak with a human support agent,train
human_agent_b028,real person chahiye jo help kare; bot se help nahi ho rahi?,Account & Support,human_agent,Ask to speak with a human support agent,train
human_agent_b029,"Kisi support agent ko chat par lao, kisi agent ko chat par lao",Account & Support,human_agent,Ask to speak with a human support agent,train
human_agent_b030,"mujhe lagta hai, automated support ke bajay bot se help nahi ho rahi",Account & Support,human_agent,Ask to speak with a human support agent,test
human_agent_b031,mujhe human agent se baat karni hai; automated replies nahi chahiye; bot se help nahi ho rahi,Account & Support,human_agent,Ask to speak with a human support agent,train
human_agent_b032,"pls bot se kaam nahi ban raha, customer care executive se connect karo; mujhe real person se baat karni hai",Account & Support,human_agent,Ask to speak with a human support agent,train
human_agent_b033,"customer care executive se connect karo, automated replies nahi chahiye; automated replies nahi chahiye?",Account & Support,human_agent,Ask to speak with a human support agent,train
human_agent_b034,Real person chahiye jo help kare; customer care executive se connect karo; kisi agent ko chat par lao,Account & Support,human_agent,Ask to speak with a human support agent,train
human_agent_b035,"mujhe lagta hai, kisi support agent ko chat par lao, automated replies nahi chahiye; human support chahiye",Account & Support,human_agent,Ask to speak with a human support agent,test
human_agent_b036,automated support ke bajay customer care executive se connect karo; customer care executive se connect karo,Account & Support,human_agent,Ask to speak with a human support agent,train
human_agent_b037,pls mujhe human agent se baat karni hai; mujhe real person se baat karni hai; bot se help nahi ho rahi,Account & Support,human_agent,Ask to speak with a human support agent,train
human_agent_b038,"bot se kaam nahi ban raha, human support chahiye; mujhe real person se baat karni hai?",Account & Support,human_agent,Ask to speak with a human support agent,validation
human_agent_b039,"Customer care executive se connect karo, mujhe real person se baat karni hai; automated replies nahi chahiye",Account & Support,human_agent,Ask to speak with a human support agent,train
human_agent_b040,"mujhe lagta hai, real person chahiye jo help kare; human support chahiye; kisi agent ko chat par lao",Account & Support,human_agent,Ask to speak with a human support agent,train
human_agent_b041,"kisi support agent ko chat par lao, mujhe real person se baat karni hai; human support chahiye",Account & Support,human_agent,Ask to speak with a human support agent,validation
human_agent_b042,pls automated support ke bajay human support chahiye; customer care executive se connect karo,Account & Support,human_agent,Ask to speak with a human support agent,train
human_agent_b043,mujhe human agent se baat karni hai; bot se help nahi ho rahi; bot se help nahi ho rahi?,Account & Support,human_agent,Ask to speak with a human support agent,train
human_agent_b044,"Bot se kaam nahi ban raha, kisi agent ko chat par lao; mujhe real person se baat karni hai",Account & Support,human_agent,Ask to speak with a human support agent,validation
human_agent_b045,"mujhe lagta hai, customer care executive se connect karo, bot se help nahi ho rahi; automated replies nahi chahiye",Account & Support,human_agent,Ask to speak with a human support agent,train
human_agent_b046,real person chahiye jo help kare; kisi agent ko chat par lao; kisi agent ko chat par lao,Account & Support,human_agent,Ask to speak with a human support agent,train
human_agent_b047,"pls kisi support agent ko chat par lao, bot se help nahi ho rahi; human support chahiye",Account & Support,human_agent,Ask to speak with a human support agent,train
human_agent_b048,automated support ke bajay kisi agent ko chat par lao; customer care executive se connect karo?,Account & Support,human_agent,Ask to speak with a human support agent,validation
human_agent_b049,Mujhe human agent se baat karni hai; customer care executive se connect karo; bot se help nahi ho rahi,Account & Support,human_agent,Ask to speak with a human support agent,train
human_agent_b050,"mujhe lagta hai, bot se kaam nahi ban raha, automated replies nahi chahiye; mujhe real person se baat karni hai",Account & Support,human_agent,Ask to speak with a human support agent,train
human_agent_b051,"customer care executive se connect karo, customer care executive se connect karo; automated replies nahi chahiye",Account & Support,human_agent,Ask to speak with a human support agent,test
human_agent_b052,pls real person chahiye jo help kare; automated replies nahi chahiye; kisi agent ko chat par lao,Account & Support,human_agent,Ask to speak with a human support agent,validation
human_agent_b053,"kisi support agent ko chat par lao, customer care executive se connect karo; human support chahiye?",Account & Support,human_agent,Ask to speak with a human support agent,train
human_agent_b054,Automated support ke bajay automated replies nahi chahiye; customer care executive se connect karo,Account & Support,human_agent,Ask to speak with a human support agent,train
human_agent_b055,"mujhe lagta hai, mujhe human agent se baat karni hai; human support chahiye; bot se help nahi ho rahi",Account & Support,human_agent,Ask to speak with a human support agent,train
human_agent_b056,"bot se kaam nahi ban raha, mujhe real person se baat karni hai; mujhe real person se baat karni hai",Account & Support,human_agent,Ask to speak with a human support agent,validation
human_agent_b057,"pls customer care executive se connect karo, human support chahiye; automated replies nahi chahiye",Account & Support,human_agent,Ask to speak with a human support agent,train
human_agent_b058,real person chahiye jo help kare; mujhe real person se baat karni hai; kisi agent ko chat par lao?,Account & Support,human_agent,Ask to speak with a human support agent,train
human_agent_b059,"Kisi support agent ko chat par lao, human support chahiye; human support chahiye",Account & Support,human_agent,Ask to speak with a human support agent,validation
human_agent_b060,"mujhe lagta hai, automated support ke bajay mujhe real person se baat karni hai; customer care executive se connect karo",Account & Support,human_agent,Ask to speak with a human support agent,train
subscription_cancel_b001,subscription cancel karni hai; subscription band karni hai,Subscriptions & Billing,subscription_cancel,Cancel a subscription,train
subscription_cancel_b002,"pls membership stop karni hai, auto renewal off karna hai",Subscriptions & Billing,subscription_cancel,Cancel a subscription,train
subscription_cancel_b003,next renewal nahi chahiye kyunki subscription band karni hai?,Subscriptions & Billing,subscription_cancel,Cancel a subscription,train
subscription_cancel_b004,Auto-renewal band kar do; auto renewal off karna hai,Subscriptions & Billing,subscription_cancel,Cancel a subscription,validation
subscription_cancel_b005,"mujhe lagta hai, plan continue nahi karna, subscription band karni hai",Subscriptions & Billing,subscription_cancel,Cancel a subscription,train
subscription_cancel_b006,meri subscription terminate karne ka process kya hai? auto renewal off karna hai,Subscriptions & Billing,subscription_cancel,Cancel a subscription,validation
subscription_cancel_b007,pls subscription cancel karni hai; next renewal nahi chahiye,Subscriptions & Billing,subscription_cancel,Cancel a subscription,test
subscription_cancel_b008,"membership stop karni hai, plan ab continue nahi karna?",Subscriptions & Billing,subscription_cancel,Cancel a subscription,validation
subscription_cancel_b009,Next renewal nahi chahiye kyunki next renewal nahi chahiye,Subscriptions & Billing,subscription_cancel,Cancel a subscription,train
subscription_cancel_b010,"mujhe lagta hai, auto-renewal band kar do; plan ab continue nahi karna",Subscriptions & Billing,subscription_cancel,Cancel a subscription,train
subscription_cancel_b011,"plan continue nahi karna, next renewal nahi chahiye",Subscriptions & Billing,subscription_cancel,Cancel a subscription,train
subscription_cancel_b012,pls meri subscription terminate karne ka process kya hai? plan ab continue nahi karna,Subscriptions & Billing,subscription_cancel,Cancel a subscription,train
subscription_cancel_b013,subscription cancel karni hai; membership cancel kar do?,Subscriptions & Billing,subscription_cancel,Cancel a subscription,validation
subscription_cancel_b014,"Membership stop karni hai, monthly subscription stop karni hai",Subscriptions & Billing,subscription_cancel,Cancel a subscription,validation
subscription_cancel_b015,"mujhe lagta hai, next renewal nahi chahiye kyunki membership cancel kar do",Subscriptions & Billing,subscription_cancel,Cancel a subscription,train
subscription_cancel_b016,auto-renewal band kar do; monthly subscription stop karni hai,Subscriptions & Billing,subscription_cancel,Cancel a subscription,test
subscription_cancel_b017,"pls plan continue nahi karna, membership cancel kar do",Subscriptions & Billing,subscription_cancel,Cancel a subscription,train
subscription_cancel_b018,meri subscription terminate karne ka process kya hai? monthly subscription stop karni hai?,Subscriptions & Billing,subscription_cancel,Cancel a subscription,validation
subscription_cancel_b019,Subscription cancel karni hai; auto renewal off karna hai,Subscriptions & Billing,subscription_cancel,Cancel a subscription,train
subscription_cancel_b020,"mujhe lagta hai, membership stop karni hai, subscription band karni hai",Subscriptions & Billing,subscription_cancel,Cancel a subscription,train
subscription_cancel_b021,next renewal nahi chahiye kyunki auto renewal off karna hai,Subscriptions & Billing,subscription_cancel,Cancel a subscription,train
subscription_cancel_b022,pls auto-renewal band kar do; subscription band karni hai,Subscriptions & Billing,subscription_cancel,Cancel a subscription,train
subscription_cancel_b023,"plan continue nahi karna, auto renewal off karna hai?",Subscriptions & Billing,subscription_cancel,Cancel a subscription,test
subscription_cancel_b024,Meri subscription terminate karne ka process kya hai? subscription band karni hai,Subscriptions & Billing,subscription_cancel,Cancel a subscription,test
subscription_cancel_b025,"mujhe lagta hai, subscription cancel karni hai; plan ab continue nahi karna",Subscriptions & Billing,subscription_cancel,Cancel a subscription,train
subscription_cancel_b026,"membership stop karni hai, next renewal nahi chahiye",Subscriptions & Billing,subscription_cancel,Cancel a subscription,validation
subscription_cancel_b027,pls next renewal nahi chahiye kyunki plan ab continue nahi karna,Subscriptions & Billing,subscription_cancel,Cancel a subscription,train
subscription_cancel_b028,auto-renewal band kar do; next renewal nahi chahiye?,Subscriptions & Billing,subscription_cancel,Cancel a subscription,train
subscription_cancel_b029,"Plan continue nahi karna, plan ab continue nahi karna",Subscriptions & Billing,subscription_cancel,Cancel a subscription,train
subscription_cancel_b030,"mujhe lagta hai, meri subscription terminate karne ka process kya hai? next renewal nahi chahiye",Subscriptions & Billing,subscription_cancel,Cancel a subscription,validation
subscription_cancel_b031,subscription cancel karni hai; monthly subscription stop karni hai; next renewal nahi chahiye,Subscriptions & Billing,subscription_cancel,Cancel a subscription,train
subscription_cancel_b032,"pls membership stop karni hai, membership cancel kar do; subscription band karni hai",Subscriptions & Billing,subscription_cancel,Cancel a subscription,train
subscription_cancel_b033,next renewal nahi chahiye kyunki monthly subscription stop karni hai; monthly subscription stop karni hai?,Subscriptions & Billing,subscription_cancel,Cancel a subscription,train
subscription_cancel_b034,Auto-renewal band kar do; membership cancel kar do; plan ab continue nahi karna,Subscriptions & Billing,subscription_cancel,Cancel a subscription,train
subscription_cancel_b035,"mujhe lagta hai, plan continue nahi karna, monthly subscription stop karni hai; auto renewal off karna hai",Subscriptions & Billing,subscription_cancel,Cancel a subscription,test
subscription_cancel_b036,meri subscription terminate karne ka process kya hai? membership cancel kar do; membership cancel kar do,Subscriptions & Billing,subscription_cancel,Cancel a subscription,train
subscription_cancel_b037,pls subscription cancel karni hai; subscription band karni hai; next renewal nahi chahiye,Subscriptions & Billing,subscription_cancel,Cancel a subscription,train
subscription_cancel_b038,"membership stop karni hai, auto renewal off karna hai; subscription band karni hai?",Subscriptions & Billing,subscription_cancel,Cancel a subscription,train
subscription_cancel_b039,Next renewal nahi chahiye kyunki subscription band karni hai; monthly subscription stop karni hai,Subscriptions & Billing,subscription_cancel,Cancel a subscription,train
subscription_cancel_b040,"mujhe lagta hai, auto-renewal band kar do; auto renewal off karna hai; plan ab continue nahi karna",Subscriptions & Billing,subscription_cancel,Cancel a subscription,train
subscription_cancel_b041,"plan continue nahi karna, subscription band karni hai; auto renewal off karna hai",Subscriptions & Billing,subscription_cancel,Cancel a subscription,train
subscription_cancel_b042,pls meri subscription terminate karne ka process kya hai? auto renewal off karna hai; membership cancel kar do,Subscriptions & Billing,subscription_cancel,Cancel a subscription,test
subscription_cancel_b043,subscription cancel karni hai; next renewal nahi chahiye; next renewal nahi chahiye?,Subscriptions & Billing,subscription_cancel,Cancel a subscription,validation
subscription_cancel_b044,"Membership stop karni hai, plan ab continue nahi karna; subscription band karni hai",Subscriptions & Billing,subscription_cancel,Cancel a subscription,test
subscription_cancel_b045,"mujhe lagta hai, next renewal nahi chahiye kyunki next renewal nahi chahiye; monthly subscription stop karni hai",Subscriptions & Billing,subscription_cancel,Cancel a subscription,train
subscription_cancel_b046,auto-renewal band kar do; plan ab continue nahi karna; plan ab continue nahi karna,Subscriptions & Billing,subscription_cancel,Cancel a subscription,train
subscription_cancel_b047,"pls plan continue nahi karna, next renewal nahi chahiye; auto renewal off karna hai",Subscriptions & Billing,subscription_cancel,Cancel a subscription,train
subscription_cancel_b048,meri subscription terminate karne ka process kya hai? plan ab continue nahi karna; membership cancel kar do?,Subscriptions & Billing,subscription_cancel,Cancel a subscription,train
subscription_cancel_b049,Subscription cancel karni hai; membership cancel kar do; next renewal nahi chahiye,Subscriptions & Billing,subscription_cancel,Cancel a subscription,train
subscription_cancel_b050,"mujhe lagta hai, membership stop karni hai, monthly subscription stop karni hai; subscription band karni hai",Subscriptions & Billing,subscription_cancel,Cancel a subscription,train
subscription_cancel_b051,next renewal nahi chahiye kyunki membership cancel kar do; monthly subscription stop karni hai,Subscriptions & Billing,subscription_cancel,Cancel a subscription,train
subscription_cancel_b052,pls auto-renewal band kar do; monthly subscription stop karni hai; plan ab continue nahi karna,Subscriptions & Billing,subscription_cancel,Cancel a subscription,train
subscription_cancel_b053,"plan continue nahi karna, membership cancel kar do; auto renewal off karna hai?",Subscriptions & Billing,subscription_cancel,Cancel a subscription,train
subscription_cancel_b054,Meri subscription terminate karne ka process kya hai? monthly subscription stop karni hai; membership cancel kar do,Subscriptions & Billing,subscription_cancel,Cancel a subscription,train
subscription_cancel_b055,"mujhe lagta hai, subscription cancel karni hai; auto renewal off karna hai; next renewal nahi chahiye",Subscriptions & Billing,subscription_cancel,Cancel a subscription,test
subscription_cancel_b056,"membership stop karni hai, subscription band karni hai; subscription band karni hai",Subscriptions & Billing,subscription_cancel,Cancel a subscription,train
subscription_cancel_b057,pls next renewal nahi chahiye kyunki auto renewal off karna hai; monthly subscription stop karni hai,Subscriptions & Billing,subscription_cancel,Cancel a subscription,train
subscription_cancel_b058,auto-renewal band kar do; subscription band karni hai; plan ab continue nahi karna?,Subscriptions & Billing,subscription_cancel,Cancel a subscription,test
subscription_cancel_b059,"Plan continue nahi karna, auto renewal off karna hai; auto renewal off karna hai",Subscriptions & Billing,subscription_cancel,Cancel a subscription,train
subscription_cancel_b060,"mujhe lagta hai, meri subscription terminate karne ka process kya hai? subscription band karni hai; membership cancel kar do",Subscriptions & Billing,subscription_cancel,Cancel a subscription,train
subscription_upgrade_b001,subscription upgrade karna hai; higher plan lena hai,Subscriptions & Billing,subscription_upgrade,Upgrade a subscription plan,train
subscription_upgrade_b002,pls higher plan lena hai kyunki features ke liye plan upgrade karna hai,Subscriptions & Billing,subscription_upgrade,Upgrade a subscription plan,train
subscription_upgrade_b003,"existing plan ko next tier par le jana hai, higher plan lena hai?",Subscriptions & Billing,subscription_upgrade,Upgrade a subscription plan,validation
subscription_upgrade_b004,Premium features ke liye upgrade chahiye; features ke liye plan upgrade karna hai,Subscriptions & Billing,subscription_upgrade,Upgrade a subscription plan,train
subscription_upgrade_b005,"mujhe lagta hai, plan upgrade ka option batao, higher plan lena hai",Subscriptions & Billing,subscription_upgrade,Upgrade a subscription plan,test
subscription_upgrade_b006,basic membership se upgrade possible hai? features ke liye plan upgrade karna hai,Subscriptions & Billing,subscription_upgrade,Upgrade a subscription plan,train
subscription_upgrade_b007,pls subscription upgrade karna hai; premium mein upgrade karna hai,Subscriptions & Billing,subscription_upgrade,Upgrade a subscription plan,validation
subscription_upgrade_b008,higher plan lena hai kyunki basic se pro jaana hai?,Subscriptions & Billing,subscription_upgrade,Upgrade a subscription plan,test
subscription_upgrade_b009,"Existing plan ko next tier par le jana hai, premium mein upgrade karna hai",Subscriptions & Billing,subscription_upgrade,Upgrade a subscription plan,train
subscription_upgrade_b010,"mujhe lagta hai, premium features ke liye upgrade chahiye; basic se pro jaana hai",Subscriptions & Billing,subscription_upgrade,Upgrade a subscription plan,train
subscription_upgrade_b011,"plan upgrade ka option batao, premium mein upgrade karna hai",Subscriptions & Billing,subscription_upgrade,Upgrade a subscription plan,train
subscription_upgrade_b012,pls basic membership se upgrade possible hai? basic se pro jaana hai,Subscriptions & Billing,subscription_upgrade,Upgrade a subscription plan,train
subscription_upgrade_b013,subscription upgrade karna hai; subscription ka next tier chahiye?,Subscriptions & Billing,subscription_upgrade,Upgrade a subscription plan,train
subscription_upgrade_b014,Higher plan lena hai kyunki existing membership ko upgrade karna hai,Subscriptions & Billing,subscription_upgrade,Upgrade a subscription plan,train
subscription_upgrade_b015,"mujhe lagta hai, existing plan ko next tier par le jana hai, subscription ka next tier chahiye",Subscriptions & Billing,subscription_upgrade,Upgrade a subscription plan,validation
subscription_upgrade_b016,premium features ke liye upgrade chahiye; existing membership ko upgrade karna hai,Subscriptions & Billing,subscription_upgrade,Upgrade a subscription plan,train
subscription_upgrade_b017,"pls plan upgrade ka option batao, subscription ka next tier chahiye",Subscriptions & Billing,subscription_upgrade,Upgrade a subscription plan,train
subscription_upgrade_b018,basic membership se upgrade possible hai? existing membership ko upgrade karna hai?,Subscriptions & Billing,subscription_upgrade,Upgrade a subscription plan,train
subscription_upgrade_b019,Subscription upgrade karna hai; features ke liye plan upgrade karna hai,Subscriptions & Billing,subscription_upgrade,Upgrade a subscription plan,train
subscription_upgrade_b020,"mujhe lagta hai, higher plan lena hai kyunki higher plan lena hai",Subscriptions & Billing,subscription_upgrade,Upgrade a subscription plan,train
subscription_upgrade_b021,"existing plan ko next tier par le jana hai, features ke liye plan upgrade karna hai",Subscriptions & Billing,subscription_upgrade,Upgrade a subscription plan,train
subscription_upgrade_b022,pls premium features ke liye upgrade chahiye; higher plan lena hai,Subscriptions & Billing,subscription_upgrade,Upgrade a subscription plan,train
subscription_upgrade_b023,"plan upgrade ka option batao, features ke liye plan upgrade karna hai?",Subscriptions & Billing,subscription_upgrade,Upgrade a subscription plan,train
subscription_upgrade_b024,Basic membership se upgrade possible hai? higher plan lena hai,Subscriptions & Billing,subscription_upgrade,Upgrade a subscription plan,test
subscription_upgrade_b025,"mujhe lagta hai, subscription upgrade karna hai; basic se pro jaana hai",Subscriptions & Billing,subscription_upgrade,Upgrade a subscription plan,train
subscription_upgrade_b026,higher plan lena hai kyunki premium mein upgrade karna hai,Subscriptions & Billing,subscription_upgrade,Upgrade a subscription plan,train
subscription_upgrade_b027,"pls existing plan ko next tier par le jana hai, basic se pro jaana hai",Subscriptions & Billing,subscription_upgrade,Upgrade a subscription plan,train
subscription_upgrade_b028,premium features ke liye upgrade chahiye; premium mein upgrade karna hai?,Subscriptions & Billing,subscription_upgrade,Upgrade a subscription plan,train
subscription_upgrade_b029,"Plan upgrade ka option batao, basic se pro jaana hai",Subscriptions & Billing,subscription_upgrade,Upgrade a subscription plan,test
subscription_upgrade_b030,"mujhe lagta hai, basic membership se upgrade possible hai? premium mein upgrade karna hai",Subscriptions & Billing,subscription_upgrade,Upgrade a subscription plan,train
subscription_upgrade_b031,subscription upgrade karna hai; existing membership ko upgrade karna hai; premium mein upgrade karna hai,Subscriptions & Billing,subscription_upgrade,Upgrade a subscription plan,test
subscription_upgrade_b032,pls higher plan lena hai kyunki subscription ka next tier chahiye; higher plan lena hai,Subscriptions & Billing,subscription_upgrade,Upgrade a subscription plan,train
subscription_upgrade_b033,"existing plan ko next tier par le jana hai, existing membership ko upgrade karna hai; existing membership ko upgrade karna hai?",Subscriptions & Billing,subscription_upgrade,Upgrade a subscription plan,test
subscription_upgrade_b034,Premium features ke liye upgrade chahiye; subscription ka next tier chahiye; basic se pro jaana hai,Subscriptions & Billing,subscription_upgrade,Upgrade a subscription plan,test
subscription_upgrade_b035,"mujhe lagta hai, plan upgrade ka option batao, existing membership ko upgrade karna hai; features ke liye plan upgrade karna hai",Subscriptions & Billing,subscription_upgrade,Upgrade a subscription plan,train
subscription_upgrade_b036,basic membership se upgrade possible hai? subscription ka next tier chahiye; subscription ka next tier chahiye,Subscriptions & Billing,subscription_upgrade,Upgrade a subscription plan,train
subscription_upgrade_b037,pls subscription upgrade karna hai; higher plan lena hai; premium mein upgrade karna hai,Subscriptions & Billing,subscription_upgrade,Upgrade a subscription plan,train
subscription_upgrade_b038,higher plan lena hai kyunki features ke liye plan upgrade karna hai; higher plan lena hai?,Subscriptions & Billing,subscription_upgrade,Upgrade a subscription plan,validation
subscription_upgrade_b039,"Existing plan ko next tier par le jana hai, higher plan lena hai; existing membership ko upgrade karna hai",Subscriptions & Billing,subscription_upgrade,Upgrade a subscription plan,train
subscription_upgrade_b040,"mujhe lagta hai, premium features ke liye upgrade chahiye; features ke liye plan upgrade karna hai; basic se pro jaana hai",Subscriptions & Billing,subscription_upgrade,Upgrade a subscription plan,validation
subscription_upgrade_b041,"plan upgrade ka option batao, higher plan lena hai; features ke liye plan upgrade karna hai",Subscriptions & Billing,subscription_upgrade,Upgrade a subscription plan,train
subscription_upgrade_b042,pls basic membership se upgrade possible hai? features ke liye plan upgrade karna hai; subscription ka next tier chahiye,Subscriptions & Billing,subscription_upgrade,Upgrade a subscription plan,train
subscription_upgrade_b043,subscription upgrade karna hai; premium mein upgrade karna hai; premium mein upgrade karna hai?,Subscriptions & Billing,subscription_upgrade,Upgrade a subscription plan,validation
subscription_upgrade_b044,Higher plan lena hai kyunki basic se pro jaana hai; higher plan lena hai,Subscriptions & Billing,subscription_upgrade,Upgrade a subscription plan,train
subscription_upgrade_b045,"mujhe lagta hai, existing plan ko next tier par le jana hai, premium mein upgrade karna hai; existing membership ko upgrade karna hai",Subscriptions & Billing,subscription_upgrade,Upgrade a subscription plan,train
subscription_upgrade_b046,premium features ke liye upgrade chahiye; basic se pro jaana hai; basic se pro jaana hai,Subscriptions & Billing,subscription_upgrade,Upgrade a subscription plan,train
subscription_upgrade_b047,"pls plan upgrade ka option batao, premium mein upgrade karna hai; features ke liye plan upgrade karna hai",Subscriptions & Billing,subscription_upgrade,Upgrade a subscription plan,train
subscription_upgrade_b048,basic membership se upgrade possible hai? basic se pro jaana hai; subscription ka next tier chahiye?,Subscriptions & Billing,subscription_upgrade,Upgrade a subscription plan,test
subscription_upgrade_b049,Subscription upgrade karna hai; subscription ka next tier chahiye; premium mein upgrade karna hai,Subscriptions & Billing,subscription_upgrade,Upgrade a subscription plan,train
subscription_upgrade_b050,"mujhe lagta hai, higher plan lena hai kyunki existing membership ko upgrade karna hai; higher plan lena hai",Subscriptions & Billing,subscription_upgrade,Upgrade a subscription plan,test
subscription_upgrade_b051,"existing plan ko next tier par le jana hai, subscription ka next tier chahiye; existing membership ko upgrade karna hai",Subscriptions & Billing,subscription_upgrade,Upgrade a subscription plan,train
subscription_upgrade_b052,pls premium features ke liye upgrade chahiye; existing membership ko upgrade karna hai; basic se pro jaana hai,Subscriptions & Billing,subscription_upgrade,Upgrade a subscription plan,validation
subscription_upgrade_b053,"plan upgrade ka option batao, subscription ka next tier chahiye; features ke liye plan upgrade karna hai?",Subscriptions & Billing,subscription_upgrade,Upgrade a subscription plan,train
subscription_upgrade_b054,Basic membership se upgrade possible hai? existing membership ko upgrade karna hai; subscription ka next tier chahiye,Subscriptions & Billing,subscription_upgrade,Upgrade a subscription plan,train
subscription_upgrade_b055,"mujhe lagta hai, subscription upgrade karna hai; features ke liye plan upgrade karna hai; premium mein upgrade karna hai",Subscriptions & Billing,subscription_upgrade,Upgrade a subscription plan,validation
subscription_upgrade_b056,higher plan lena hai kyunki higher plan lena hai; higher plan lena hai,Subscriptions & Billing,subscription_upgrade,Upgrade a subscription plan,train
subscription_upgrade_b057,"pls existing plan ko next tier par le jana hai, features ke liye plan upgrade karna hai; existing membership ko upgrade karna hai",Subscriptions & Billing,subscription_upgrade,Upgrade a subscription plan,train
subscription_upgrade_b058,premium features ke liye upgrade chahiye; higher plan lena hai; basic se pro jaana hai?,Subscriptions & Billing,subscription_upgrade,Upgrade a subscription plan,train
subscription_upgrade_b059,"Plan upgrade ka option batao, features ke liye plan upgrade karna hai; features ke liye plan upgrade karna hai",Subscriptions & Billing,subscription_upgrade,Upgrade a subscription plan,train
subscription_upgrade_b060,"mujhe lagta hai, basic membership se upgrade possible hai? higher plan lena hai; subscription ka next tier chahiye",Subscriptions & Billing,subscription_upgrade,Upgrade a subscription plan,validation
subscription_charged_b001,subscription ka charge lag gaya; subscription ka paisa cut gaya,Subscriptions & Billing,subscription_charged,Subscription was charged,train
subscription_charged_b002,"pls membership payment deduct hui, auto renewal se amount deduct hua",Subscriptions & Billing,subscription_charged,Subscription was charged,train
subscription_charged_b003,renewal charge samajhna hai: subscription ka paisa cut gaya?,Subscriptions & Billing,subscription_charged,Subscription was charged,train
subscription_charged_b004,"Auto-renewal se paisa kata hai, auto renewal se amount deduct hua",Subscriptions & Billing,subscription_charged,Subscription was charged,train
subscription_charged_b005,"mujhe lagta hai, subscription fee kyun debit hui? subscription ka paisa cut gaya",Subscriptions & Billing,subscription_charged,Subscription was charged,validation
subscription_charged_b006,plan renew hote hi charge aaya; auto renewal se amount deduct hua,Subscriptions & Billing,subscription_charged,Subscription was charged,validation
subscription_charged_b007,pls subscription ka charge lag gaya; renewal charge kyun hua,Subscriptions & Billing,subscription_charged,Subscription was charged,test
subscription_charged_b008,"membership payment deduct hui, subscription charge samajh nahi aa raha?",Subscriptions & Billing,subscription_charged,Subscription was charged,train
subscription_charged_b009,Renewal charge samajhna hai: renewal charge kyun hua,Subscriptions & Billing,subscription_charged,Subscription was charged,train
subscription_charged_b010,"mujhe lagta hai, auto-renewal se paisa kata hai, subscription charge samajh nahi aa raha",Subscriptions & Billing,subscription_charged,Subscription was charged,validation
subscription_charged_b011,subscription fee kyun debit hui? renewal charge kyun hua,Subscriptions & Billing,subscription_charged,Subscription was charged,train
subscription_charged_b012,pls plan renew hote hi charge aaya; subscription charge samajh nahi aa raha,Subscriptions & Billing,subscription_charged,Subscription was charged,train
subscription_charged_b013,subscription ka charge lag gaya; membership fee debit ho gayi?,Subscriptions & Billing,subscription_charged,Subscription was charged,train
subscription_charged_b014,"Membership payment deduct hui, plan renew hote hi payment ho gayi",Subscriptions & Billing,subscription_charged,Subscription was charged,train
subscription_charged_b015,"mujhe lagta hai, renewal charge samajhna hai: membership fee debit ho gayi",Subscriptions & Billing,subscription_charged,Subscription was charged,train
subscription_charged_b016,"auto-renewal se paisa kata hai, plan renew hote hi payment ho gayi",Subscriptions & Billing,subscription_charged,Subscription was charged,train
subscription_charged_b017,pls subscription fee kyun debit hui? membership fee debit ho gayi,Subscriptions & Billing,subscription_charged,Subscription was charged,test
subscription_charged_b018,plan renew hote hi charge aaya; plan renew hote hi payment ho gayi?,Subscriptions & Billing,subscription_charged,Subscription was charged,train
subscription_charged_b019,Subscription ka charge lag gaya; auto renewal se amount deduct hua,Subscriptions & Billing,subscription_charged,Subscription was charged,train
subscription_charged_b020,"mujhe lagta hai, membership payment deduct hui, subscription ka paisa cut gaya",Subscriptions & Billing,subscription_charged,Subscription was charged,train
subscription_charged_b021,renewal charge samajhna hai: auto renewal se amount deduct hua,Subscriptions & Billing,subscription_charged,Subscription was charged,test
subscription_charged_b022,"pls auto-renewal se paisa kata hai, subscription ka paisa cut gaya",Subscriptions & Billing,subscription_charged,Subscription was charged,train
subscription_charged_b023,subscription fee kyun debit hui? auto renewal se amount deduct hua?,Subscriptions & Billing,subscription_charged,Subscription was charged,train
subscription_charged_b024,Plan renew hote hi charge aaya; subscription ka paisa cut gaya,Subscriptions & Billing,subscription_charged,Subscription was charged,validation
subscription_charged_b025,"mujhe lagta hai, subscription ka charge lag gaya; subscription charge samajh nahi aa raha",Subscriptions & Billing,subscription_charged,Subscription was charged,train
subscription_charged_b026,"membership payment deduct hui, renewal charge kyun hua",Subscriptions & Billing,subscription_charged,Subscription was charged,test
subscription_charged_b027,pls renewal charge samajhna hai: subscription charge samajh nahi aa raha,Subscriptions & Billing,subscription_charged,Subscription was charged,test
subscription_charged_b028,"auto-renewal se paisa kata hai, renewal charge kyun hua?",Subscriptions & Billing,subscription_charged,Subscription was charged,test
subscription_charged_b029,Subscription fee kyun debit hui? subscription charge samajh nahi aa raha,Subscriptions & Billing,subscription_charged,Subscription was charged,train
subscription_charged_b030,"mujhe lagta hai, plan renew hote hi charge aaya; renewal charge kyun hua",Subscriptions & Billing,subscription_charged,Subscription was charged,train
subscription_charged_b031,subscription ka charge lag gaya; plan renew hote hi payment ho gayi; renewal charge kyun hua,Subscriptions & Billing,subscription_charged,Subscription was charged,validation
subscription_charged_b032,"pls membership payment deduct hui, membership fee debit ho gayi; subscription ka paisa cut gaya",Subscriptions & Billing,subscription_charged,Subscription was charged,train
subscription_charged_b033,renewal charge samajhna hai: plan renew hote hi payment ho gayi; plan renew hote hi payment ho gayi?,Subscriptions & Billing,subscription_charged,Subscription was charged,train
subscription_charged_b034,"Auto-renewal se paisa kata hai, membership fee debit ho gayi; subscription charge samajh nahi aa raha",Subscriptions & Billing,subscription_charged,Subscription was charged,train
subscription_charged_b035,"mujhe lagta hai, subscription fee kyun debit hui? plan renew hote hi payment ho gayi; auto renewal se amount deduct hua",Subscriptions & Billing,subscription_charged,Subscription was charged,train
subscription_charged_b036,plan renew hote hi charge aaya; membership fee debit ho gayi; membership fee debit ho gayi,Subscriptions & Billing,subscription_charged,Subscription was charged,train
subscription_charged_b037,pls subscription ka charge lag gaya; subscription ka paisa cut gaya; renewal charge kyun hua,Subscriptions & Billing,subscription_charged,Subscription was charged,train
subscription_charged_b038,"membership payment deduct hui, auto renewal se amount deduct hua; subscription ka paisa cut gaya?",Subscriptions & Billing,subscription_charged,Subscription was charged,train
subscription_charged_b039,Renewal charge samajhna hai: subscription ka paisa cut gaya; plan renew hote hi payment ho gayi,Subscriptions & Billing,subscription_charged,Subscription was charged,train
subscription_charged_b040,"mujhe lagta hai, auto-renewal se paisa kata hai, auto renewal se amount deduct hua; subscription charge samajh nahi aa raha",Subscriptions & Billing,subscription_charged,Subscription was charged,train
subscription_charged_b041,subscription fee kyun debit hui? subscription ka paisa cut gaya; auto renewal se amount deduct hua,Subscriptions & Billing,subscription_charged,Subscription was charged,train
subscription_charged_b042,pls plan renew hote hi charge aaya; auto renewal se amount deduct hua; membership fee debit ho gayi,Subscriptions & Billing,subscription_charged,Subscription was charged,train
subscription_charged_b043,subscription ka charge lag gaya; renewal charge kyun hua; renewal charge kyun hua?,Subscriptions & Billing,subscription_charged,Subscription was charged,test
subscription_charged_b044,"Membership payment deduct hui, subscription charge samajh nahi aa raha; subscription ka paisa cut gaya",Subscriptions & Billing,subscription_charged,Subscription was charged,validation
subscription_charged_b045,"mujhe lagta hai, renewal charge samajhna hai: renewal charge kyun hua; plan renew hote hi payment ho gayi",Subscriptions & Billing,subscription_charged,Subscription was charged,validation
subscription_charged_b046,"auto-renewal se paisa kata hai, subscription charge samajh nahi aa raha; subscription charge samajh nahi aa raha",Subscriptions & Billing,subscription_charged,Subscription was charged,validation
subscription_charged_b047,pls subscription fee kyun debit hui? renewal charge kyun hua; auto renewal se amount deduct hua,Subscriptions & Billing,subscription_charged,Subscription was charged,test
subscription_charged_b048,plan renew hote hi charge aaya; subscription charge samajh nahi aa raha; membership fee debit ho gayi?,Subscriptions & Billing,subscription_charged,Subscription was charged,train
subscription_charged_b049,Subscription ka charge lag gaya; membership fee debit ho gayi; renewal charge kyun hua,Subscriptions & Billing,subscription_charged,Subscription was charged,train
subscription_charged_b050,"mujhe lagta hai, membership payment deduct hui, plan renew hote hi payment ho gayi; subscription ka paisa cut gaya",Subscriptions & Billing,subscription_charged,Subscription was charged,train
subscription_charged_b051,renewal charge samajhna hai: membership fee debit ho gayi; plan renew hote hi payment ho gayi,Subscriptions & Billing,subscription_charged,Subscription was charged,train
subscription_charged_b052,"pls auto-renewal se paisa kata hai, plan renew hote hi payment ho gayi; subscription charge samajh nahi aa raha",Subscriptions & Billing,subscription_charged,Subscription was charged,train
subscription_charged_b053,subscription fee kyun debit hui? membership fee debit ho gayi; auto renewal se amount deduct hua?,Subscriptions & Billing,subscription_charged,Subscription was charged,train
subscription_charged_b054,Plan renew hote hi charge aaya; plan renew hote hi payment ho gayi; membership fee debit ho gayi,Subscriptions & Billing,subscription_charged,Subscription was charged,train
subscription_charged_b055,"mujhe lagta hai, subscription ka charge lag gaya; auto renewal se amount deduct hua; renewal charge kyun hua",Subscriptions & Billing,subscription_charged,Subscription was charged,validation
subscription_charged_b056,"membership payment deduct hui, subscription ka paisa cut gaya; subscription ka paisa cut gaya",Subscriptions & Billing,subscription_charged,Subscription was charged,test
subscription_charged_b057,pls renewal charge samajhna hai: auto renewal se amount deduct hua; plan renew hote hi payment ho gayi,Subscriptions & Billing,subscription_charged,Subscription was charged,train
subscription_charged_b058,"auto-renewal se paisa kata hai, subscription ka paisa cut gaya; subscription charge samajh nahi aa raha?",Subscriptions & Billing,subscription_charged,Subscription was charged,train
subscription_charged_b059,Subscription fee kyun debit hui? auto renewal se amount deduct hua; auto renewal se amount deduct hua,Subscriptions & Billing,subscription_charged,Subscription was charged,train
subscription_charged_b060,"mujhe lagta hai, plan renew hote hi charge aaya; subscription ka paisa cut gaya; membership fee debit ho gayi",Subscriptions & Billing,subscription_charged,Subscription was charged,train
bill_due_date_b001,bill ki due date kya hai? bill kab due hai,Subscriptions & Billing,bill_due_date,Ask when a bill is due,test
bill_due_date_b002,pls next bill kab pay karna hai? bill payment kis din karni hai,Subscriptions & Billing,bill_due_date,Ask when a bill is due,test
bill_due_date_b003,payment ki last date bata do; bill kab due hai?,Subscriptions & Billing,bill_due_date,Ask when a bill is due,train
bill_due_date_b004,"Bill due kab hoga, bill payment kis din karni hai",Subscriptions & Billing,bill_due_date,Ask when a bill is due,train
bill_due_date_b005,"mujhe lagta hai, late fee avoid karne ke liye kab bharna hai? bill kab due hai",Subscriptions & Billing,bill_due_date,Ask when a bill is due,validation
bill_due_date_b006,agla bill kis date ko due hai? bill payment kis din karni hai,Subscriptions & Billing,bill_due_date,Ask when a bill is due,train
bill_due_date_b007,pls bill ki due date kya hai? next payment ki last date kya hai,Subscriptions & Billing,bill_due_date,Ask when a bill is due,train
bill_due_date_b008,next bill kab pay karna hai? late fee se pehle kab pay karna hai?,Subscriptions & Billing,bill_due_date,Ask when a bill is due,train
bill_due_date_b009,Payment ki last date bata do; next payment ki last date kya hai,Subscriptions & Billing,bill_due_date,Ask when a bill is due,train
bill_due_date_b010,"mujhe lagta hai, bill due kab hoga, late fee se pehle kab pay karna hai",Subscriptions & Billing,bill_due_date,Ask when a bill is due,validation
bill_due_date_b011,late fee avoid karne ke liye kab bharna hai? next payment ki last date kya hai,Subscriptions & Billing,bill_due_date,Ask when a bill is due,train
bill_due_date_b012,pls agla bill kis date ko due hai? late fee se pehle kab pay karna hai,Subscriptions & Billing,bill_due_date,Ask when a bill is due,test
bill_due_date_b013,bill ki due date kya hai? due date bata do?,Subscriptions & Billing,bill_due_date,Ask when a bill is due,train
bill_due_date_b014,Next bill kab pay karna hai? agla bill kab bharna hai,Subscriptions & Billing,bill_due_date,Ask when a bill is due,train
bill_due_date_b015,"mujhe lagta hai, payment ki last date bata do; due date bata do",Subscriptions & Billing,bill_due_date,Ask when a bill is due,train
bill_due_date_b016,"bill due kab hoga, agla bill kab bharna hai",Subscriptions & Billing,bill_due_date,Ask when a bill is due,train
bill_due_date_b017,pls late fee avoid karne ke liye kab bharna hai? due date bata do,Subscriptions & Billing,bill_due_date,Ask when a bill is due,train
bill_due_date_b018,agla bill kis date ko due hai? agla bill kab bharna hai?,Subscriptions & Billing,bill_due_date,Ask when a bill is due,test
bill_due_date_b019,Bill ki due date kya hai? bill payment kis din karni hai,Subscriptions & Billing,bill_due_date,Ask when a bill is due,train
bill_due_date_b020,"mujhe lagta hai, next bill kab pay karna hai? bill kab due hai",Subscriptions & Billing,bill_due_date,Ask when a bill is due,test
bill_due_date_b021,payment ki last date bata do; bill payment kis din karni hai,Subscriptions & Billing,bill_due_date,Ask when a bill is due,train
bill_due_date_b022,"pls bill due kab hoga, bill kab due hai",Subscriptions & Billing,bill_due_date,Ask when a bill is due,test
bill_due_date_b023,late fee avoid karne ke liye kab bharna hai? bill payment kis din karni hai?,Subscriptions & Billing,bill_due_date,Ask when a bill is due,test
bill_due_date_b024,Agla bill kis date ko due hai? bill kab due hai,Subscriptions & Billing,bill_due_date,Ask when a bill is due,train
bill_due_date_b025,"mujhe lagta hai, bill ki due date kya hai? late fee se pehle kab pay karna hai",Subscriptions & Billing,bill_due_date,Ask when a bill is due,train
bill_due_date_b026,next bill kab pay karna hai? next payment ki last date kya hai,Subscriptions & Billing,bill_due_date,Ask when a bill is due,validation
bill_due_date_b027,pls payment ki last date bata do; late fee se pehle kab pay karna hai,Subscriptions & Billing,bill_due_date,Ask when a bill is due,train
bill_due_date_b028,"bill due kab hoga, next payment ki last date kya hai?",Subscriptions & Billing,bill_due_date,Ask when a bill is due,train
bill_due_date_b029,Late fee avoid karne ke liye kab bharna hai? late fee se pehle kab pay karna hai,Subscriptions & Billing,bill_due_date,Ask when a bill is due,train
bill_due_date_b030,"mujhe lagta hai, agla bill kis date ko due hai? next payment ki last date kya hai",Subscriptions & Billing,bill_due_date,Ask when a bill is due,train
bill_due_date_b031,bill ki due date kya hai? agla bill kab bharna hai; next payment ki last date kya hai,Subscriptions & Billing,bill_due_date,Ask when a bill is due,train
bill_due_date_b032,pls next bill kab pay karna hai? due date bata do; bill kab due hai,Subscriptions & Billing,bill_due_date,Ask when a bill is due,train
bill_due_date_b033,payment ki last date bata do; agla bill kab bharna hai; agla bill kab bharna hai?,Subscriptions & Billing,bill_due_date,Ask when a bill is due,train
bill_due_date_b034,"Bill due kab hoga, due date bata do; late fee se pehle kab pay karna hai",Subscriptions & Billing,bill_due_date,Ask when a bill is due,train
bill_due_date_b035,"mujhe lagta hai, late fee avoid karne ke liye kab bharna hai? agla bill kab bharna hai; bill payment kis din karni hai",Subscriptions & Billing,bill_due_date,Ask when a bill is due,train
bill_due_date_b036,agla bill kis date ko due hai? due date bata do; due date bata do,Subscriptions & Billing,bill_due_date,Ask when a bill is due,train
bill_due_date_b037,pls bill ki due date kya hai? bill kab due hai; next payment ki last date kya hai,Subscriptions & Billing,bill_due_date,Ask when a bill is due,validation
bill_due_date_b038,next bill kab pay karna hai? bill payment kis din karni hai; bill kab due hai?,Subscriptions & Billing,bill_due_date,Ask when a bill is due,train
bill_due_date_b039,Payment ki last date bata do; bill kab due hai; agla bill kab bharna hai,Subscriptions & Billing,bill_due_date,Ask when a bill is due,train
bill_due_date_b040,"mujhe lagta hai, bill due kab hoga, bill payment kis din karni hai; late fee se pehle kab pay karna hai",Subscriptions & Billing,bill_due_date,Ask when a bill is due,train
bill_due_date_b041,late fee avoid karne ke liye kab bharna hai? bill kab due hai; bill payment kis din karni hai,Subscriptions & Billing,bill_due_date,Ask when a bill is due,validation
bill_due_date_b042,pls agla bill kis date ko due hai? bill payment kis din karni hai; due date bata do,Subscriptions & Billing,bill_due_date,Ask when a bill is due,train
bill_due_date_b043,bill ki due date kya hai? next payment ki last date kya hai; next payment ki last date kya hai?,Subscriptions & Billing,bill_due_date,Ask when a bill is due,validation
bill_due_date_b044,Next bill kab pay karna hai? late fee se pehle kab pay karna hai; bill kab due hai,Subscriptions & Billing,bill_due_date,Ask when a bill is due,train
bill_due_date_b045,"mujhe lagta hai, payment ki last date bata do; next payment ki last date kya hai; agla bill kab bharna hai",Subscriptions & Billing,bill_due_date,Ask when a bill is due,test
bill_due_date_b046,"bill due kab hoga, late fee se pehle kab pay karna hai; late fee se pehle kab pay karna hai",Subscriptions & Billing,bill_due_date,Ask when a bill is due,train
bill_due_date_b047,pls late fee avoid karne ke liye kab bharna hai? next payment ki last date kya hai; bill payment kis din karni hai,Subscriptions & Billing,bill_due_date,Ask when a bill is due,train
bill_due_date_b048,agla bill kis date ko due hai? late fee se pehle kab pay karna hai; due date bata do?,Subscriptions & Billing,bill_due_date,Ask when a bill is due,train
bill_due_date_b049,Bill ki due date kya hai? due date bata do; next payment ki last date kya hai,Subscriptions & Billing,bill_due_date,Ask when a bill is due,test
bill_due_date_b050,"mujhe lagta hai, next bill kab pay karna hai? agla bill kab bharna hai; bill kab due hai",Subscriptions & Billing,bill_due_date,Ask when a bill is due,validation
bill_due_date_b051,payment ki last date bata do; due date bata do; agla bill kab bharna hai,Subscriptions & Billing,bill_due_date,Ask when a bill is due,train
bill_due_date_b052,"pls bill due kab hoga, agla bill kab bharna hai; late fee se pehle kab pay karna hai",Subscriptions & Billing,bill_due_date,Ask when a bill is due,train
bill_due_date_b053,late fee avoid karne ke liye kab bharna hai? due date bata do; bill payment kis din karni hai?,Subscriptions & Billing,bill_due_date,Ask when a bill is due,train
bill_due_date_b054,Agla bill kis date ko due hai? agla bill kab bharna hai; due date bata do,Subscriptions & Billing,bill_due_date,Ask when a bill is due,train
bill_due_date_b055,"mujhe lagta hai, bill ki due date kya hai? bill payment kis din karni hai; next payment ki last date kya hai",Subscriptions & Billing,bill_due_date,Ask when a bill is due,train
bill_due_date_b056,next bill kab pay karna hai? bill kab due hai; bill kab due hai,Subscriptions & Billing,bill_due_date,Ask when a bill is due,train
bill_due_date_b057,pls payment ki last date bata do; bill payment kis din karni hai; agla bill kab bharna hai,Subscriptions & Billing,bill_due_date,Ask when a bill is due,train
bill_due_date_b058,"bill due kab hoga, bill kab due hai; late fee se pehle kab pay karna hai?",Subscriptions & Billing,bill_due_date,Ask when a bill is due,train
bill_due_date_b059,Late fee avoid karne ke liye kab bharna hai? bill payment kis din karni hai; bill payment kis din karni hai,Subscriptions & Billing,bill_due_date,Ask when a bill is due,validation
bill_due_date_b060,"mujhe lagta hai, agla bill kis date ko due hai? bill kab due hai; due date bata do",Subscriptions & Billing,bill_due_date,Ask when a bill is due,validation
bill_payment_b001,bill pay karna hai; bill online pay karna hai,Subscriptions & Billing,bill_payment,Pay a bill,test
bill_payment_b002,pls bill payment kaise karun? payment kaise karun,Subscriptions & Billing,bill_payment,Pay a bill,train
bill_payment_b003,"abhi bill settle karna hai, bill online pay karna hai?",Subscriptions & Billing,bill_payment,Pay a bill,test
bill_payment_b004,Online bill payment ka option chahiye; payment kaise karun,Subscriptions & Billing,bill_payment,Pay a bill,test
bill_payment_b005,"mujhe lagta hai, pending bill clear karna hai, bill online pay karna hai",Subscriptions & Billing,bill_payment,Pay a bill,train
bill_payment_b006,"bill bharne ke steps batao, payment kaise karun",Subscriptions & Billing,bill_payment,Pay a bill,train
bill_payment_b007,pls bill pay karna hai; bill payment ka option kahan hai,Subscriptions & Billing,bill_payment,Pay a bill,train
bill_payment_b008,bill payment kaise karun? bill settle karna hai?,Subscriptions & Billing,bill_payment,Pay a bill,validation
bill_payment_b009,"Abhi bill settle karna hai, bill payment ka option kahan hai",Subscriptions & Billing,bill_payment,Pay a bill,validation
bill_payment_b010,"mujhe lagta hai, online bill payment ka option chahiye; bill settle karna hai",Subscriptions & Billing,bill_payment,Pay a bill,train
bill_payment_b011,"pending bill clear karna hai, bill payment ka option kahan hai",Subscriptions & Billing,bill_payment,Pay a bill,train
bill_payment_b012,"pls bill bharne ke steps batao, bill settle karna hai",Subscriptions & Billing,bill_payment,Pay a bill,train
bill_payment_b013,bill pay karna hai; main abhi bill bharna chahta hoon?,Subscriptions & Billing,bill_payment,Pay a bill,train
bill_payment_b014,Bill payment kaise karun? pending bill pay karna hai,Subscriptions & Billing,bill_payment,Pay a bill,test
bill_payment_b015,"mujhe lagta hai, abhi bill settle karna hai, main abhi bill bharna chahta hoon",Subscriptions & Billing,bill_payment,Pay a bill,test
bill_payment_b016,online bill payment ka option chahiye; pending bill pay karna hai,Subscriptions & Billing,bill_payment,Pay a bill,train
bill_payment_b017,"pls pending bill clear karna hai, main abhi bill bharna chahta hoon",Subscriptions & Billing,bill_payment,Pay a bill,validation
bill_payment_b018,"bill bharne ke steps batao, pending bill pay karna hai?",Subscriptions & Billing,bill_payment,Pay a bill,train
bill_payment_b019,Bill pay karna hai; payment kaise karun,Subscriptions & Billing,bill_payment,Pay a bill,validation
bill_payment_b020,"mujhe lagta hai, bill payment kaise karun? bill online pay karna hai",Subscriptions & Billing,bill_payment,Pay a bill,test
bill_payment_b021,"abhi bill settle karna hai, payment kaise karun",Subscriptions & Billing,bill_payment,Pay a bill,validation
bill_payment_b022,pls online bill payment ka option chahiye; bill online pay karna hai,Subscriptions & Billing,bill_payment,Pay a bill,train
bill_payment_b023,"pending bill clear karna hai, payment kaise karun?",Subscriptions & Billing,bill_payment,Pay a bill,train
bill_payment_b024,"Bill bharne ke steps batao, bill online pay karna hai",Subscriptions & Billing,bill_payment,Pay a bill,train
bill_payment_b025,"mujhe lagta hai, bill pay karna hai; bill settle karna hai",Subscriptions & Billing,bill_payment,Pay a bill,train
bill_payment_b026,bill payment kaise karun? bill payment ka option kahan hai,Subscriptions & Billing,bill_payment,Pay a bill,test
bill_payment_b027,"pls abhi bill settle karna hai, bill settle karna hai",Subscriptions & Billing,bill_payment,Pay a bill,train
bill_payment_b028,online bill payment ka option chahiye; bill payment ka option kahan hai?,Subscriptions & Billing,bill_payment,Pay a bill,train
bill_payment_b029,"Pending bill clear karna hai, bill settle karna hai",Subscriptions & Billing,bill_payment,Pay a bill,train
bill_payment_b030,"mujhe lagta hai, bill bharne ke steps batao, bill payment ka option kahan hai",Subscriptions & Billing,bill_payment,Pay a bill,train
bill_payment_b031,bill pay karna hai; pending bill pay karna hai; bill payment ka option kahan hai,Subscriptions & Billing,bill_payment,Pay a bill,train
bill_payment_b032,pls bill payment kaise karun? main abhi bill bharna chahta hoon; bill online pay karna hai,Subscriptions & Billing,bill_payment,Pay a bill,validation
bill_payment_b033,"abhi bill settle karna hai, pending bill pay karna hai; pending bill pay karna hai?",Subscriptions & Billing,bill_payment,Pay a bill,train
bill_payment_b034,Online bill payment ka option chahiye; main abhi bill bharna chahta hoon; bill settle karna hai,Subscriptions & Billing,bill_payment,Pay a bill,train
bill_payment_b035,"mujhe lagta hai, pending bill clear karna hai, pending bill pay karna hai; payment kaise karun",Subscriptions & Billing,bill_payment,Pay a bill,train
bill_payment_b036,"bill bharne ke steps batao, main abhi bill bharna chahta hoon; main abhi bill bharna chahta hoon",Subscriptions & Billing,bill_payment,Pay a bill,train
bill_payment_b037,pls bill pay karna hai; bill online pay karna hai; bill payment ka option kahan hai,Subscriptions & Billing,bill_payment,Pay a bill,train
bill_payment_b038,bill payment kaise karun? payment kaise karun; bill online pay karna hai?,Subscriptions & Billing,bill_payment,Pay a bill,train
bill_payment_b039,"Abhi bill settle karna hai, bill online pay karna hai; pending bill pay karna hai",Subscriptions & Billing,bill_payment,Pay a bill,test
bill_payment_b040,"mujhe lagta hai, online bill payment ka option chahiye; payment kaise karun; bill settle karna hai",Subscriptions & Billing,bill_payment,Pay a bill,train
bill_payment_b041,"pending bill clear karna hai, bill online pay karna hai; payment kaise karun",Subscriptions & Billing,bill_payment,Pay a bill,train
bill_payment_b042,"pls bill bharne ke steps batao, payment kaise karun; main abhi bill bharna chahta hoon",Subscriptions & Billing,bill_payment,Pay a bill,train
bill_payment_b043,bill pay karna hai; bill payment ka option kahan hai; bill payment ka option kahan hai?,Subscriptions & Billing,bill_payment,Pay a bill,train
bill_payment_b044,Bill payment kaise karun? bill settle karna hai; bill online pay karna hai,Subscriptions & Billing,bill_payment,Pay a bill,train
bill_payment_b045,"mujhe lagta hai, abhi bill settle karna hai, bill payment ka option kahan hai; pending bill pay karna hai",Subscriptions & Billing,bill_payment,Pay a bill,train
bill_payment_b046,online bill payment ka option chahiye; bill settle karna hai; bill settle karna hai,Subscriptions & Billing,bill_payment,Pay a bill,train
bill_payment_b047,"pls pending bill clear karna hai, bill payment ka option kahan hai; payment kaise karun",Subscriptions & Billing,bill_payment,Pay a bill,train
bill_payment_b048,"bill bharne ke steps batao, bill settle karna hai; main abhi bill bharna chahta hoon?",Subscriptions & Billing,bill_payment,Pay a bill,train
bill_payment_b049,Bill pay karna hai; main abhi bill bharna chahta hoon; bill payment ka option kahan hai,Subscriptions & Billing,bill_payment,Pay a bill,validation
bill_payment_b050,"mujhe lagta hai, bill payment kaise karun? pending bill pay karna hai; bill online pay karna hai",Subscriptions & Billing,bill_payment,Pay a bill,validation
bill_payment_b051,"abhi bill settle karna hai, main abhi bill bharna chahta hoon; pending bill pay karna hai",Subscriptions & Billing,bill_payment,Pay a bill,train
bill_payment_b052,pls online bill payment ka option chahiye; pending bill pay karna hai; bill settle karna hai,Subscriptions & Billing,bill_payment,Pay a bill,train
bill_payment_b053,"pending bill clear karna hai, main abhi bill bharna chahta hoon; payment kaise karun?",Subscriptions & Billing,bill_payment,Pay a bill,train
bill_payment_b054,"Bill bharne ke steps batao, pending bill pay karna hai; main abhi bill bharna chahta hoon",Subscriptions & Billing,bill_payment,Pay a bill,test
bill_payment_b055,"mujhe lagta hai, bill pay karna hai; payment kaise karun; bill payment ka option kahan hai",Subscriptions & Billing,bill_payment,Pay a bill,validation
bill_payment_b056,bill payment kaise karun? bill online pay karna hai; bill online pay karna hai,Subscriptions & Billing,bill_payment,Pay a bill,train
bill_payment_b057,"pls abhi bill settle karna hai, payment kaise karun; pending bill pay karna hai",Subscriptions & Billing,bill_payment,Pay a bill,train
bill_payment_b058,online bill payment ka option chahiye; bill online pay karna hai; bill settle karna hai?,Subscriptions & Billing,bill_payment,Pay a bill,train
bill_payment_b059,"Pending bill clear karna hai, payment kaise karun; payment kaise karun",Subscriptions & Billing,bill_payment,Pay a bill,train
bill_payment_b060,"mujhe lagta hai, bill bharne ke steps batao, bill online pay karna hai; main abhi bill bharna chahta hoon",Subscriptions & Billing,bill_payment,Pay a bill,train
flight_booking_b001,flight book karni hai; Delhi se Mumbai flight book karni hai,Travel & Transport,flight_booking,Book a flight,train
flight_booking_b002,"pls cheapest available flight dekhni hai, available flights dikhao",Travel & Transport,flight_booking,Book a flight,train
flight_booking_b003,travel ke liye ticket chahiye; Delhi se Mumbai flight book karni hai?,Travel & Transport,flight_booking,Book a flight,train
flight_booking_b004,"Flight reservation karni hai, cheapest available flight dekhni hai",Travel & Transport,flight_booking,Book a flight,train
flight_booking_b005,"mujhe lagta hai, please flight options batao; Delhi se Mumbai flight book karni hai",Travel & Transport,flight_booking,Book a flight,validation
flight_booking_b006,mere liye flight arrange/book kar sakte ho? cheapest available flight dekhni hai,Travel & Transport,flight_booking,Book a flight,train
flight_booking_b007,pls flight book karni hai; kal ki flight chahiye,Travel & Transport,flight_booking,Book a flight,train
flight_booking_b008,"return flight bhi book karni hai, available flights dikhao?",Travel & Transport,flight_booking,Book a flight,validation
flight_booking_b009,Travel ke liye ticket chahiye; kal ki flight chahiye,Travel & Transport,flight_booking,Book a flight,train
flight_booking_b010,"mujhe lagta hai, flight reservation karni hai, return flight bhi book karni hai",Travel & Transport,flight_booking,Book a flight,train
flight_booking_b011,please flight options batao; kal ki flight chahiye,Travel & Transport,flight_booking,Book a flight,test
flight_booking_b012,pls mere liye flight arrange/book kar sakte ho? return flight bhi book karni hai,Travel & Transport,flight_booking,Book a flight,train
flight_booking_b013,flight book karni hai; weekend par flight chahiye?,Travel & Transport,flight_booking,Book a flight,validation
flight_booking_b014,"2 passengers ke liye flight chahiye, available flights dikhao",Travel & Transport,flight_booking,Book a flight,train
flight_booking_b015,"mujhe lagta hai, travel ke liye ticket chahiye; weekend par flight chahiye",Travel & Transport,flight_booking,Book a flight,test
flight_booking_b016,"flight reservation karni hai, 2 passengers ke liye flight chahiye",Travel & Transport,flight_booking,Book a flight,train
flight_booking_b017,pls please flight options batao; weekend par flight chahiye,Travel & Transport,flight_booking,Book a flight,train
flight_booking_b018,mere liye flight arrange/book kar sakte ho? 2 passengers ke liye flight chahiye?,Travel & Transport,flight_booking,Book a flight,train
flight_booking_b019,Flight book karni hai; cheapest available flight dekhni hai,Travel & Transport,flight_booking,Book a flight,train
flight_booking_b020,"mujhe lagta hai, Delhi se Mumbai flight book karni hai, available flights dikhao",Travel & Transport,flight_booking,Book a flight,test
flight_booking_b021,travel ke liye ticket chahiye; cheapest available flight dekhni hai,Travel & Transport,flight_booking,Book a flight,train
flight_booking_b022,"pls flight reservation karni hai, Delhi se Mumbai flight book karni hai",Travel & Transport,flight_booking,Book a flight,test
flight_booking_b023,please flight options batao; cheapest available flight dekhni hai?,Travel & Transport,flight_booking,Book a flight,validation
flight_booking_b024,Mere liye flight arrange/book kar sakte ho? delhi se mumbai flight book karni hai,Travel & Transport,flight_booking,Book a flight,train
flight_booking_b025,"mujhe lagta hai, flight book karni hai; return flight bhi book karni hai",Travel & Transport,flight_booking,Book a flight,train
flight_booking_b026,"kal ki flight chahiye, available flights dikhao",Travel & Transport,flight_booking,Book a flight,test
flight_booking_b027,pls travel ke liye ticket chahiye; return flight bhi book karni hai,Travel & Transport,flight_booking,Book a flight,train
flight_booking_b028,"flight reservation karni hai, kal ki flight chahiye?",Travel & Transport,flight_booking,Book a flight,train
flight_booking_b029,Please flight options batao; return flight bhi book karni hai,Travel & Transport,flight_booking,Book a flight,train
flight_booking_b030,"mujhe lagta hai, mere liye flight arrange/book kar sakte ho? kal ki flight chahiye",Travel & Transport,flight_booking,Book a flight,train
flight_booking_b031,flight book karni hai; 2 passengers ke liye flight chahiye; kal ki flight chahiye,Travel & Transport,flight_booking,Book a flight,train
flight_booking_b032,"pls weekend par flight chahiye; Delhi se Mumbai flight book karni hai, available flights dikhao",Travel & Transport,flight_booking,Book a flight,train
flight_booking_b033,travel ke liye ticket chahiye; 2 passengers ke liye flight chahiye; 2 passengers ke liye flight chahiye?,Travel & Transport,flight_booking,Book a flight,validation
flight_booking_b034,"Flight reservation karni hai, weekend par flight chahiye; return flight bhi book karni hai",Travel & Transport,flight_booking,Book a flight,validation
flight_booking_b035,"mujhe lagta hai, please flight options batao; 2 passengers ke liye flight chahiye; cheapest available flight dekhni hai",Travel & Transport,flight_booking,Book a flight,train
flight_booking_b036,mere liye flight arrange/book kar sakte ho? weekend par flight chahiye; weekend par flight chahiye,Travel & Transport,flight_booking,Book a flight,train
flight_booking_b037,pls flight book karni hai; Delhi se Mumbai flight book karni hai; kal ki flight chahiye,Travel & Transport,flight_booking,Book a flight,train
flight_booking_b038,"cheapest available flight dekhni hai; Delhi se Mumbai flight book karni hai, available flights dikhao?",Travel & Transport,flight_booking,Book a flight,train
flight_booking_b039,Travel ke liye ticket chahiye; delhi se mumbai flight book karni hai; 2 passengers ke liye flight chahiye,Travel & Transport,flight_booking,Book a flight,train
flight_booking_b040,"mujhe lagta hai, flight reservation karni hai, cheapest available flight dekhni hai; return flight bhi book karni hai",Travel & Transport,flight_booking,Book a flight,train
flight_booking_b041,please flight options batao; Delhi se Mumbai flight book karni hai; cheapest available flight dekhni hai,Travel & Transport,flight_booking,Book a flight,validation
flight_booking_b042,pls mere liye flight arrange/book kar sakte ho? cheapest available flight dekhni hai; weekend par flight chahiye,Travel & Transport,flight_booking,Book a flight,train
flight_booking_b043,flight book karni hai; kal ki flight chahiye; kal ki flight chahiye?,Travel & Transport,flight_booking,Book a flight,train
flight_booking_b044,"Return flight bhi book karni hai; delhi se mumbai flight book karni hai, available flights dikhao",Travel & Transport,flight_booking,Book a flight,validation
flight_booking_b045,"mujhe lagta hai, travel ke liye ticket chahiye; kal ki flight chahiye; 2 passengers ke liye flight chahiye",Travel & Transport,flight_booking,Book a flight,train
flight_booking_b046,"flight reservation karni hai, return flight bhi book karni hai; return flight bhi book karni hai",Travel & Transport,flight_booking,Book a flight,train
flight_booking_b047,pls please flight options batao; kal ki flight chahiye; cheapest available flight dekhni hai,Travel & Transport,flight_booking,Book a flight,train
flight_booking_b048,mere liye flight arrange/book kar sakte ho? return flight bhi book karni hai; weekend par flight chahiye?,Travel & Transport,flight_booking,Book a flight,test
flight_booking_b049,Flight book karni hai; weekend par flight chahiye; kal ki flight chahiye,Travel & Transport,flight_booking,Book a flight,train
flight_booking_b050,"mujhe lagta hai, 2 passengers ke liye flight chahiye; Delhi se Mumbai flight book karni hai, available flights dikhao",Travel & Transport,flight_booking,Book a flight,test
flight_booking_b051,travel ke liye ticket chahiye; weekend par flight chahiye; 2 passengers ke liye flight chahiye,Travel & Transport,flight_booking,Book a flight,train
flight_booking_b052,"pls flight reservation karni hai, 2 passengers ke liye flight chahiye; return flight bhi book karni hai",Travel & Transport,flight_booking,Book a flight,train
flight_booking_b053,please flight options batao; weekend par flight chahiye; cheapest available flight dekhni hai?,Travel & Transport,flight_booking,Book a flight,validation
flight_booking_b054,Mere liye flight arrange/book kar sakte ho? 2 passengers ke liye flight chahiye; weekend par flight chahiye,Travel & Transport,flight_booking,Book a flight,train
flight_booking_b055,"mujhe lagta hai, flight book karni hai; cheapest available flight dekhni hai; kal ki flight chahiye",Travel & Transport,flight_booking,Book a flight,train
flight_booking_b056,"Delhi se Mumbai flight book karni hai; Delhi se Mumbai flight book karni hai, available flights dikhao",Travel & Transport,flight_booking,Book a flight,test
flight_booking_b057,pls travel ke liye ticket chahiye; cheapest available flight dekhni hai; 2 passengers ke liye flight chahiye,Travel & Transport,flight_booking,Book a flight,train
flight_booking_b058,"flight reservation karni hai, Delhi se Mumbai flight book karni hai; return flight bhi book karni hai?",Travel & Transport,flight_booking,Book a flight,train
flight_booking_b059,Please flight options batao; cheapest available flight dekhni hai; cheapest available flight dekhni hai,Travel & Transport,flight_booking,Book a flight,test
flight_booking_b060,"mujhe lagta hai, mere liye flight arrange/book kar sakte ho? Delhi se Mumbai flight book karni hai; weekend par flight chahiye",Travel & Transport,flight_booking,Book a flight,train
flight_status_b001,flight ka status check karna hai; meri flight on time hai kya,Travel & Transport,flight_status,Check flight status,train
flight_status_b002,pls meri flight on time hai? flight cancel toh nahi hui,Travel & Transport,flight_status,Check flight status,train
flight_status_b003,departure update kya hai? meri flight on time hai kya?,Travel & Transport,flight_status,Check flight status,validation
flight_status_b004,"Flight delay/cancel hui hai kya, flight cancel toh nahi hui",Travel & Transport,flight_status,Check flight status,test
flight_status_b005,"mujhe lagta hai, please current flight status batao; meri flight on time hai kya",Travel & Transport,flight_status,Check flight status,test
flight_status_b006,"boarding/departure ka latest update chahiye, flight cancel toh nahi hui",Travel & Transport,flight_status,Check flight status,test
flight_status_b007,pls flight ka status check karna hai; flight delay hui hai kya,Travel & Transport,flight_status,Check flight status,train
flight_status_b008,meri flight on time hai? boarding ka status kya hai?,Travel & Transport,flight_status,Check flight status,train
flight_status_b009,Departure update kya hai? flight delay hui hai kya,Travel & Transport,flight_status,Check flight status,train
flight_status_b010,"mujhe lagta hai, flight delay/cancel hui hai kya, boarding ka status kya hai",Travel & Transport,flight_status,Check flight status,train
flight_status_b011,please current flight status batao; flight delay hui hai kya,Travel & Transport,flight_status,Check flight status,train
flight_status_b012,"pls boarding/departure ka latest update chahiye, boarding ka status kya hai",Travel & Transport,flight_status,Check flight status,train
flight_status_b013,flight ka status check karna hai; departure status check karna hai?,Travel & Transport,flight_status,Check flight status,train
flight_status_b014,Meri flight on time hai? aaj ki flight ka current status batao,Travel & Transport,flight_status,Check flight status,train
flight_status_b015,"mujhe lagta hai, departure update kya hai? departure status check karna hai",Travel & Transport,flight_status,Check flight status,train
flight_status_b016,"flight delay/cancel hui hai kya, aaj ki flight ka current status batao",Travel & Transport,flight_status,Check flight status,train
flight_status_b017,pls please current flight status batao; departure status check karna hai,Travel & Transport,flight_status,Check flight status,train
flight_status_b018,"boarding/departure ka latest update chahiye, aaj ki flight ka current status batao?",Travel & Transport,flight_status,Check flight status,train
flight_status_b019,Flight ka status check karna hai; flight cancel toh nahi hui,Travel & Transport,flight_status,Check flight status,test
flight_status_b020,"mujhe lagta hai, meri flight on time hai? meri flight on time hai kya",Travel & Transport,flight_status,Check flight status,train
flight_status_b021,departure update kya hai? flight cancel toh nahi hui,Travel & Transport,flight_status,Check flight status,train
flight_status_b022,"pls flight delay/cancel hui hai kya, meri flight on time hai kya",Travel & Transport,flight_status,Check flight status,train
flight_status_b023,please current flight status batao; flight cancel toh nahi hui?,Travel & Transport,flight_status,Check flight status,train
flight_status_b024,"Boarding/departure ka latest update chahiye, meri flight on time hai kya",Travel & Transport,flight_status,Check flight status,test
flight_status_b025,"mujhe lagta hai, flight ka status check karna hai; boarding ka status kya hai",Travel & Transport,flight_status,Check flight status,validation
flight_status_b026,meri flight on time hai? flight delay hui hai kya,Travel & Transport,flight_status,Check flight status,train
flight_status_b027,pls departure update kya hai? boarding ka status kya hai,Travel & Transport,flight_status,Check flight status,train
flight_status_b028,"flight delay/cancel hui hai kya, flight delay hui hai kya?",Travel & Transport,flight_status,Check flight status,train
flight_status_b029,Please current flight status batao; boarding ka status kya hai,Travel & Transport,flight_status,Check flight status,validation
flight_status_b030,"mujhe lagta hai, boarding/departure ka latest update chahiye, flight delay hui hai kya",Travel & Transport,flight_status,Check flight status,validation
flight_status_b031,flight ka status check karna hai; aaj ki flight ka current status batao; flight delay hui hai kya,Travel & Transport,flight_status,Check flight status,train
flight_status_b032,pls meri flight on time hai? departure status check karna hai; meri flight on time hai kya,Travel & Transport,flight_status,Check flight status,train
flight_status_b033,departure update kya hai? aaj ki flight ka current status batao; aaj ki flight ka current status batao?,Travel & Transport,flight_status,Check flight status,validation
flight_status_b034,"Flight delay/cancel hui hai kya, departure status check karna hai; boarding ka status kya hai",Travel & Transport,flight_status,Check flight status,train
flight_status_b035,"mujhe lagta hai, please current flight status batao; aaj ki flight ka current status batao; flight cancel toh nahi hui",Travel & Transport,flight_status,Check flight status,train
flight_status_b036,"boarding/departure ka latest update chahiye, departure status check karna hai; departure status check karna hai",Travel & Transport,flight_status,Check flight status,validation
flight_status_b037,pls flight ka status check karna hai; meri flight on time hai kya; flight delay hui hai kya,Travel & Transport,flight_status,Check flight status,validation
flight_status_b038,meri flight on time hai? flight cancel toh nahi hui; meri flight on time hai kya?,Travel & Transport,flight_status,Check flight status,validation
flight_status_b039,Departure update kya hai? meri flight on time hai kya; aaj ki flight ka current status batao,Travel & Transport,flight_status,Check flight status,test
flight_status_b040,"mujhe lagta hai, flight delay/cancel hui hai kya, flight cancel toh nahi hui; boarding ka status kya hai",Travel & Transport,flight_status,Check flight status,test
flight_status_b041,please current flight status batao; meri flight on time hai kya; flight cancel toh nahi hui,Travel & Transport,flight_status,Check flight status,train
flight_status_b042,"pls boarding/departure ka latest update chahiye, flight cancel toh nahi hui; departure status check karna hai",Travel & Transport,flight_status,Check flight status,test
flight_status_b043,flight ka status check karna hai; flight delay hui hai kya; flight delay hui hai kya?,Travel & Transport,flight_status,Check flight status,train
flight_status_b044,Meri flight on time hai? boarding ka status kya hai; meri flight on time hai kya,Travel & Transport,flight_status,Check flight status,train
flight_status_b045,"mujhe lagta hai, departure update kya hai? flight delay hui hai kya; aaj ki flight ka current status batao",Travel & Transport,flight_status,Check flight status,train
flight_status_b046,"flight delay/cancel hui hai kya, boarding ka status kya hai; boarding ka status kya hai",Travel & Transport,flight_status,Check flight status,train
flight_status_b047,pls please current flight status batao; flight delay hui hai kya; flight cancel toh nahi hui,Travel & Transport,flight_status,Check flight status,train
flight_status_b048,"boarding/departure ka latest update chahiye, boarding ka status kya hai; departure status check karna hai?",Travel & Transport,flight_status,Check flight status,train
flight_status_b049,Flight ka status check karna hai; departure status check karna hai; flight delay hui hai kya,Travel & Transport,flight_status,Check flight status,train
flight_status_b050,"mujhe lagta hai, meri flight on time hai? aaj ki flight ka current status batao; meri flight on time hai kya",Travel & Transport,flight_status,Check flight status,train
flight_status_b051,departure update kya hai? departure status check karna hai; aaj ki flight ka current status batao,Travel & Transport,flight_status,Check flight status,train
flight_status_b052,"pls flight delay/cancel hui hai kya, aaj ki flight ka current status batao; boarding ka status kya hai",Travel & Transport,flight_status,Check flight status,train
flight_status_b053,please current flight status batao; departure status check karna hai; flight cancel toh nahi hui?,Travel & Transport,flight_status,Check flight status,train
flight_status_b054,"Boarding/departure ka latest update chahiye, aaj ki flight ka current status batao; departure status check karna hai",Travel & Transport,flight_status,Check flight status,test
flight_status_b055,"mujhe lagta hai, flight ka status check karna hai; flight cancel toh nahi hui; flight delay hui hai kya",Travel & Transport,flight_status,Check flight status,validation
flight_status_b056,meri flight on time hai? meri flight on time hai kya; meri flight on time hai kya,Travel & Transport,flight_status,Check flight status,train
flight_status_b057,pls departure update kya hai? flight cancel toh nahi hui; aaj ki flight ka current status batao,Travel & Transport,flight_status,Check flight status,train
flight_status_b058,"flight delay/cancel hui hai kya, meri flight on time hai kya; boarding ka status kya hai?",Travel & Transport,flight_status,Check flight status,train
flight_status_b059,Please current flight status batao; flight cancel toh nahi hui; flight cancel toh nahi hui,Travel & Transport,flight_status,Check flight status,train
flight_status_b060,"mujhe lagta hai, boarding/departure ka latest update chahiye, meri flight on time hai kya; departure status check karna hai",Travel & Transport,flight_status,Check flight status,train
hotel_booking_b001,hotel book karna hai; Delhi mein hotel book karna hai,Travel & Transport,hotel_booking,Book a hotel,train
hotel_booking_b002,"pls room reserve karna hai, check-in weekend par hai",Travel & Transport,hotel_booking,Book a hotel,train
hotel_booking_b003,stay ke liye hotel options chahiye; Delhi mein hotel book karna hai?,Travel & Transport,hotel_booking,Book a hotel,train
hotel_booking_b004,"Please hotel booking help karo, check-in weekend par hai",Travel & Transport,hotel_booking,Book a hotel,train
hotel_booking_b005,"mujhe lagta hai, accommodation arrange karni hai; Delhi mein hotel book karna hai",Travel & Transport,hotel_booking,Book a hotel,train
hotel_booking_b006,hotel reservation possible hai? check-in weekend par hai,Travel & Transport,hotel_booking,Book a hotel,test
hotel_booking_b007,pls hotel book karna hai; 2 nights ke liye room chahiye,Travel & Transport,hotel_booking,Book a hotel,train
hotel_booking_b008,"room reserve karna hai, budget hotel dekhna hai?",Travel & Transport,hotel_booking,Book a hotel,train
hotel_booking_b009,Stay ke liye hotel options chahiye; 2 nights ke liye room chahiye,Travel & Transport,hotel_booking,Book a hotel,validation
hotel_booking_b010,"mujhe lagta hai, please hotel booking help karo, budget hotel dekhna hai",Travel & Transport,hotel_booking,Book a hotel,test
hotel_booking_b011,accommodation arrange karni hai; 2 nights ke liye room chahiye,Travel & Transport,hotel_booking,Book a hotel,train
hotel_booking_b012,pls hotel reservation possible hai? budget hotel dekhna hai,Travel & Transport,hotel_booking,Book a hotel,train
hotel_booking_b013,hotel book karna hai; family ke liye hotel chahiye?,Travel & Transport,hotel_booking,Book a hotel,train
hotel_booking_b014,"Room reserve karna hai, hotel reservation karni hai",Travel & Transport,hotel_booking,Book a hotel,train
hotel_booking_b015,"mujhe lagta hai, stay ke liye hotel options chahiye; family ke liye hotel chahiye",Travel & Transport,hotel_booking,Book a hotel,train
hotel_booking_b016,"please hotel booking help karo, hotel reservation karni hai",Travel & Transport,hotel_booking,Book a hotel,train
hotel_booking_b017,pls accommodation arrange karni hai; family ke liye hotel chahiye,Travel & Transport,hotel_booking,Book a hotel,train
hotel_booking_b018,hotel reservation possible hai? hotel reservation karni hai?,Travel & Transport,hotel_booking,Book a hotel,train
hotel_booking_b019,Hotel book karna hai; check-in weekend par hai,Travel & Transport,hotel_booking,Book a hotel,train
hotel_booking_b020,"mujhe lagta hai, room reserve karna hai, Delhi mein hotel book karna hai",Travel & Transport,hotel_booking,Book a hotel,validation
hotel_booking_b021,stay ke liye hotel options chahiye; check-in weekend par hai,Travel & Transport,hotel_booking,Book a hotel,train
hotel_booking_b022,"pls please hotel booking help karo, Delhi mein hotel book karna hai",Travel & Transport,hotel_booking,Book a hotel,test
hotel_booking_b023,accommodation arrange karni hai; check-in weekend par hai?,Travel & Transport,hotel_booking,Book a hotel,validation
hotel_booking_b024,Hotel reservation possible hai? delhi mein hotel book karna hai,Travel & Transport,hotel_booking,Book a hotel,train
hotel_booking_b025,"mujhe lagta hai, hotel book karna hai; budget hotel dekhna hai",Travel & Transport,hotel_booking,Book a hotel,train
hotel_booking_b026,"room reserve karna hai, 2 nights ke liye room chahiye",Travel & Transport,hotel_booking,Book a hotel,validation
hotel_booking_b027,pls stay ke liye hotel options chahiye; budget hotel dekhna hai,Travel & Transport,hotel_booking,Book a hotel,train
hotel_booking_b028,"please hotel booking help karo, 2 nights ke liye room chahiye?",Travel & Transport,hotel_booking,Book a hotel,train
hotel_booking_b029,Accommodation arrange karni hai; budget hotel dekhna hai,Travel & Transport,hotel_booking,Book a hotel,train
hotel_booking_b030,"mujhe lagta hai, hotel reservation possible hai? 2 nights ke liye room chahiye",Travel & Transport,hotel_booking,Book a hotel,train
hotel_booking_b031,hotel book karna hai; hotel reservation karni hai; 2 nights ke liye room chahiye,Travel & Transport,hotel_booking,Book a hotel,train
hotel_booking_b032,"pls room reserve karna hai, family ke liye hotel chahiye; Delhi mein hotel book karna hai",Travel & Transport,hotel_booking,Book a hotel,train
hotel_booking_b033,stay ke liye hotel options chahiye; hotel reservation karni hai; hotel reservation karni hai?,Travel & Transport,hotel_booking,Book a hotel,train
hotel_booking_b034,"Please hotel booking help karo, family ke liye hotel chahiye; budget hotel dekhna hai",Travel & Transport,hotel_booking,Book a hotel,train
hotel_booking_b035,"mujhe lagta hai, accommodation arrange karni hai; hotel reservation karni hai; check-in weekend par hai",Travel & Transport,hotel_booking,Book a hotel,train
hotel_booking_b036,hotel reservation possible hai? family ke liye hotel chahiye; family ke liye hotel chahiye,Travel & Transport,hotel_booking,Book a hotel,train
hotel_booking_b037,pls hotel book karna hai; Delhi mein hotel book karna hai; 2 nights ke liye room chahiye,Travel & Transport,hotel_booking,Book a hotel,train
hotel_booking_b038,"room reserve karna hai, check-in weekend par hai; Delhi mein hotel book karna hai?",Travel & Transport,hotel_booking,Book a hotel,test
hotel_booking_b039,Stay ke liye hotel options chahiye; delhi mein hotel book karna hai; hotel reservation karni hai,Travel & Transport,hotel_booking,Book a hotel,test
hotel_booking_b040,"mujhe lagta hai, please hotel booking help karo, check-in weekend par hai; budget hotel dekhna hai",Travel & Transport,hotel_booking,Book a hotel,train
hotel_booking_b041,accommodation arrange karni hai; Delhi mein hotel book karna hai; check-in weekend par hai,Travel & Transport,hotel_booking,Book a hotel,train
hotel_booking_b042,pls hotel reservation possible hai? check-in weekend par hai; family ke liye hotel chahiye,Travel & Transport,hotel_booking,Book a hotel,validation
hotel_booking_b043,hotel book karna hai; 2 nights ke liye room chahiye; 2 nights ke liye room chahiye?,Travel & Transport,hotel_booking,Book a hotel,test
hotel_booking_b044,"Room reserve karna hai, budget hotel dekhna hai; delhi mein hotel book karna hai",Travel & Transport,hotel_booking,Book a hotel,train
hotel_booking_b045,"mujhe lagta hai, stay ke liye hotel options chahiye; 2 nights ke liye room chahiye; hotel reservation karni hai",Travel & Transport,hotel_booking,Book a hotel,validation
hotel_booking_b046,"please hotel booking help karo, budget hotel dekhna hai; budget hotel dekhna hai",Travel & Transport,hotel_booking,Book a hotel,train
hotel_booking_b047,pls accommodation arrange karni hai; 2 nights ke liye room chahiye; check-in weekend par hai,Travel & Transport,hotel_booking,Book a hotel,test
hotel_booking_b048,hotel reservation possible hai? budget hotel dekhna hai; family ke liye hotel chahiye?,Travel & Transport,hotel_booking,Book a hotel,train
hotel_booking_b049,Hotel book karna hai; family ke liye hotel chahiye; 2 nights ke liye room chahiye,Travel & Transport,hotel_booking,Book a hotel,train
hotel_booking_b050,"mujhe lagta hai, room reserve karna hai, hotel reservation karni hai; Delhi mein hotel book karna hai",Travel & Transport,hotel_booking,Book a hotel,train
hotel_booking_b051,stay ke liye hotel options chahiye; family ke liye hotel chahiye; hotel reservation karni hai,Travel & Transport,hotel_booking,Book a hotel,validation
hotel_booking_b052,"pls please hotel booking help karo, hotel reservation karni hai; budget hotel dekhna hai",Travel & Transport,hotel_booking,Book a hotel,train
hotel_booking_b053,accommodation arrange karni hai; family ke liye hotel chahiye; check-in weekend par hai?,Travel & Transport,hotel_booking,Book a hotel,train
hotel_booking_b054,Hotel reservation possible hai? hotel reservation karni hai; family ke liye hotel chahiye,Travel & Transport,hotel_booking,Book a hotel,train
hotel_booking_b055,"mujhe lagta hai, hotel book karna hai; check-in weekend par hai; 2 nights ke liye room chahiye",Travel & Transport,hotel_booking,Book a hotel,test
hotel_booking_b056,"room reserve karna hai, Delhi mein hotel book karna hai; Delhi mein hotel book karna hai",Travel & Transport,hotel_booking,Book a hotel,test
hotel_booking_b057,pls stay ke liye hotel options chahiye; check-in weekend par hai; hotel reservation karni hai,Travel & Transport,hotel_booking,Book a hotel,train
hotel_booking_b058,"please hotel booking help karo, Delhi mein hotel book karna hai; budget hotel dekhna hai?",Travel & Transport,hotel_booking,Book a hotel,validation
hotel_booking_b059,Accommodation arrange karni hai; check-in weekend par hai; check-in weekend par hai,Travel & Transport,hotel_booking,Book a hotel,validation
hotel_booking_b060,"mujhe lagta hai, hotel reservation possible hai? Delhi mein hotel book karna hai; family ke liye hotel chahiye",Travel & Transport,hotel_booking,Book a hotel,train
cab_booking_b001,cab book karni hai; airport ke liye cab book karni hai,Travel & Transport,cab_booking,Book a cab,train
cab_booking_b002,"pls ride reserve karni hai, 4 logon ke liye cab chahiye",Travel & Transport,cab_booking,Book a cab,train
cab_booking_b003,pickup ke liye taxi chahiye; airport ke liye cab book karni hai?,Travel & Transport,cab_booking,Book a cab,test
cab_booking_b004,Please cab arrange kar do; 4 logon ke liye cab chahiye,Travel & Transport,cab_booking,Book a cab,train
cab_booking_b005,"mujhe lagta hai, mujhe abhi ride chahiye, airport ke liye cab book karni hai",Travel & Transport,cab_booking,Book a cab,train
cab_booking_b006,cab booking ka option batao; 4 logon ke liye cab chahiye,Travel & Transport,cab_booking,Book a cab,train
cab_booking_b007,pls cab book karni hai; abhi cab chahiye,Travel & Transport,cab_booking,Book a cab,train
cab_booking_b008,"ride reserve karni hai, pickup location se cab chahiye?",Travel & Transport,cab_booking,Book a cab,train
cab_booking_b009,Pickup ke liye taxi chahiye; abhi cab chahiye,Travel & Transport,cab_booking,Book a cab,train
cab_booking_b010,"mujhe lagta hai, please cab arrange kar do; pickup location se cab chahiye",Travel & Transport,cab_booking,Book a cab,train
cab_booking_b011,"mujhe abhi ride chahiye, abhi cab chahiye",Travel & Transport,cab_booking,Book a cab,train
cab_booking_b012,pls cab booking ka option batao; pickup location se cab chahiye,Travel & Transport,cab_booking,Book a cab,train
cab_booking_b013,cab book karni hai; kal subah ride book kar do?,Travel & Transport,cab_booking,Book a cab,validation
cab_booking_b014,"Ride reserve karni hai, station tak taxi book karni hai",Travel & Transport,cab_booking,Book a cab,train
cab_booking_b015,"mujhe lagta hai, pickup ke liye taxi chahiye; kal subah ride book kar do",Travel & Transport,cab_booking,Book a cab,validation
cab_booking_b016,please cab arrange kar do; station tak taxi book karni hai,Travel & Transport,cab_booking,Book a cab,test
cab_booking_b017,"pls mujhe abhi ride chahiye, kal subah ride book kar do",Travel & Transport,cab_booking,Book a cab,train
cab_booking_b018,cab booking ka option batao; station tak taxi book karni hai?,Travel & Transport,cab_booking,Book a cab,train
cab_booking_b019,Cab book karni hai; 4 logon ke liye cab chahiye,Travel & Transport,cab_booking,Book a cab,test
cab_booking_b020,"mujhe lagta hai, ride reserve karni hai, airport ke liye cab book karni hai",Travel & Transport,cab_booking,Book a cab,validation
cab_booking_b021,pickup ke liye taxi chahiye; 4 logon ke liye cab chahiye,Travel & Transport,cab_booking,Book a cab,train
cab_booking_b022,pls please cab arrange kar do; airport ke liye cab book karni hai,Travel & Transport,cab_booking,Book a cab,train
cab_booking_b023,"mujhe abhi ride chahiye, 4 logon ke liye cab chahiye?",Travel & Transport,cab_booking,Book a cab,train
cab_booking_b024,Cab booking ka option batao; airport ke liye cab book karni hai,Travel & Transport,cab_booking,Book a cab,test
cab_booking_b025,"mujhe lagta hai, cab book karni hai; pickup location se cab chahiye",Travel & Transport,cab_booking,Book a cab,train
cab_booking_b026,"ride reserve karni hai, abhi cab chahiye",Travel & Transport,cab_booking,Book a cab,train
cab_booking_b027,pls pickup ke liye taxi chahiye; pickup location se cab chahiye,Travel & Transport,cab_booking,Book a cab,test
cab_booking_b028,please cab arrange kar do; abhi cab chahiye?,Travel & Transport,cab_booking,Book a cab,train
cab_booking_b029,"Mujhe abhi ride chahiye, pickup location se cab chahiye",Travel & Transport,cab_booking,Book a cab,test
cab_booking_b030,"mujhe lagta hai, cab booking ka option batao; abhi cab chahiye",Travel & Transport,cab_booking,Book a cab,train
cab_booking_b031,cab book karni hai; station tak taxi book karni hai; abhi cab chahiye,Travel & Transport,cab_booking,Book a cab,validation
cab_booking_b032,"pls ride reserve karni hai, kal subah ride book kar do; airport ke liye cab book karni hai",Travel & Transport,cab_booking,Book a cab,train
cab_booking_b033,pickup ke liye taxi chahiye; station tak taxi book karni hai; station tak taxi book karni hai?,Travel & Transport,cab_booking,Book a cab,train
cab_booking_b034,Please cab arrange kar do; kal subah ride book kar do; pickup location se cab chahiye,Travel & Transport,cab_booking,Book a cab,train
cab_booking_b035,"mujhe lagta hai, mujhe abhi ride chahiye, station tak taxi book karni hai; 4 logon ke liye cab chahiye",Travel & Transport,cab_booking,Book a cab,validation
cab_booking_b036,cab booking ka option batao; kal subah ride book kar do; kal subah ride book kar do,Travel & Transport,cab_booking,Book a cab,train
cab_booking_b037,pls cab book karni hai; airport ke liye cab book karni hai; abhi cab chahiye,Travel & Transport,cab_booking,Book a cab,train
cab_booking_b038,"ride reserve karni hai, 4 logon ke liye cab chahiye; airport ke liye cab book karni hai?",Travel & Transport,cab_booking,Book a cab,train
cab_booking_b039,Pickup ke liye taxi chahiye; airport ke liye cab book karni hai; station tak taxi book karni hai,Travel & Transport,cab_booking,Book a cab,train
cab_booking_b040,"mujhe lagta hai, please cab arrange kar do; 4 logon ke liye cab chahiye; pickup location se cab chahiye",Travel & Transport,cab_booking,Book a cab,test
cab_booking_b041,"mujhe abhi ride chahiye, airport ke liye cab book karni hai; 4 logon ke liye cab chahiye",Travel & Transport,cab_booking,Book a cab,train
cab_booking_b042,pls cab booking ka option batao; 4 logon ke liye cab chahiye; kal subah ride book kar do,Travel & Transport,cab_booking,Book a cab,train
cab_booking_b043,cab book karni hai; abhi cab chahiye; abhi cab chahiye?,Travel & Transport,cab_booking,Book a cab,train
cab_booking_b044,"Ride reserve karni hai, pickup location se cab chahiye; airport ke liye cab book karni hai",Travel & Transport,cab_booking,Book a cab,test
cab_booking_b045,"mujhe lagta hai, pickup ke liye taxi chahiye; abhi cab chahiye; station tak taxi book karni hai",Travel & Transport,cab_booking,Book a cab,train
cab_booking_b046,please cab arrange kar do; pickup location se cab chahiye; pickup location se cab chahiye,Travel & Transport,cab_booking,Book a cab,train
cab_booking_b047,"pls mujhe abhi ride chahiye, abhi cab chahiye; 4 logon ke liye cab chahiye",Travel & Transport,cab_booking,Book a cab,test
cab_booking_b048,cab booking ka option batao; pickup location se cab chahiye; kal subah ride book kar do?,Travel & Transport,cab_booking,Book a cab,validation
cab_booking_b049,Cab book karni hai; kal subah ride book kar do; abhi cab chahiye,Travel & Transport,cab_booking,Book a cab,validation
cab_booking_b050,"mujhe lagta hai, ride reserve karni hai, station tak taxi book karni hai; airport ke liye cab book karni hai",Travel & Transport,cab_booking,Book a cab,train
cab_booking_b051,pickup ke liye taxi chahiye; kal subah ride book kar do; station tak taxi book karni hai,Travel & Transport,cab_booking,Book a cab,train
cab_booking_b052,pls please cab arrange kar do; station tak taxi book karni hai; pickup location se cab chahiye,Travel & Transport,cab_booking,Book a cab,train
cab_booking_b053,"mujhe abhi ride chahiye, kal subah ride book kar do; 4 logon ke liye cab chahiye?",Travel & Transport,cab_booking,Book a cab,train
cab_booking_b054,Cab booking ka option batao; station tak taxi book karni hai; kal subah ride book kar do,Travel & Transport,cab_booking,Book a cab,validation
cab_booking_b055,"mujhe lagta hai, cab book karni hai; 4 logon ke liye cab chahiye; abhi cab chahiye",Travel & Transport,cab_booking,Book a cab,validation
cab_booking_b056,"ride reserve karni hai, airport ke liye cab book karni hai; airport ke liye cab book karni hai",Travel & Transport,cab_booking,Book a cab,train
cab_booking_b057,pls pickup ke liye taxi chahiye; 4 logon ke liye cab chahiye; station tak taxi book karni hai,Travel & Transport,cab_booking,Book a cab,train
cab_booking_b058,please cab arrange kar do; airport ke liye cab book karni hai; pickup location se cab chahiye?,Travel & Transport,cab_booking,Book a cab,train
cab_booking_b059,"Mujhe abhi ride chahiye, 4 logon ke liye cab chahiye; 4 logon ke liye cab chahiye",Travel & Transport,cab_booking,Book a cab,train
cab_booking_b060,"mujhe lagta hai, cab booking ka option batao; airport ke liye cab book karni hai; kal subah ride book kar do",Travel & Transport,cab_booking,Book a cab,train
greeting_b001,"hello, support",General,greeting,Greeting/opening message,train
greeting_b002,"pls namaste, mujhe thodi help chahiye",General,greeting,Greeting/opening message,test
greeting_b003,hello ji?,General,greeting,Greeting/opening message,validation
greeting_b004,"Namaste, ek question hai",General,greeting,Greeting/opening message,train
greeting_b005,"mujhe lagta hai, hello, available ho?",General,greeting,Greeting/opening message,train
greeting_b006,"namaste, baat karni thi",General,greeting,Greeting/opening message,test
greeting_b007,"pls hi, support",General,greeting,Greeting/opening message,test
greeting_b008,"good morning, mujhe thodi help chahiye?",General,greeting,Greeting/opening message,train
greeting_b009,Hi ji,General,greeting,Greeting/opening message,train
greeting_b010,"mujhe lagta hai, good morning, ek question hai",General,greeting,Greeting/opening message,validation
greeting_b011,"hi, available ho?",General,greeting,Greeting/opening message,train
greeting_b012,"pls good morning, baat karni thi",General,greeting,Greeting/opening message,train
greeting_b013,"hey, support?",General,greeting,Greeting/opening message,train
greeting_b014,"Sun rahe ho, mujhe thodi help chahiye",General,greeting,Greeting/opening message,train
greeting_b015,"mujhe lagta hai, hey ji",General,greeting,Greeting/opening message,test
greeting_b016,"sun rahe ho, ek question hai",General,greeting,Greeting/opening message,test
greeting_b017,"pls hey, available ho?",General,greeting,Greeting/opening message,train
greeting_b018,"sun rahe ho, baat karni thi?",General,greeting,Greeting/opening message,train
greeting_b019,"Namaste, support",General,greeting,Greeting/opening message,validation
greeting_b020,"mujhe lagta hai, hello, mujhe thodi help chahiye",General,greeting,Greeting/opening message,train
greeting_b021,namaste ji,General,greeting,Greeting/opening message,test
greeting_b022,"pls hello, ek question hai",General,greeting,Greeting/opening message,validation
greeting_b023,"namaste, available ho??",General,greeting,Greeting/opening message,train
greeting_b024,"Hello, baat karni thi",General,greeting,Greeting/opening message,test
greeting_b025,"mujhe lagta hai, good morning, support",General,greeting,Greeting/opening message,test
greeting_b026,"hi, mujhe thodi help chahiye",General,greeting,Greeting/opening message,train
greeting_b027,pls good morning ji,General,greeting,Greeting/opening message,train
greeting_b028,"hi, ek question hai?",General,greeting,Greeting/opening message,train
greeting_b029,"Good morning, available ho?",General,greeting,Greeting/opening message,train
greeting_b030,"mujhe lagta hai, hi, baat karni thi",General,greeting,Greeting/opening message,train
greeting_b031,"sun rahe ho, support",General,greeting,Greeting/opening message,validation
greeting_b032,"pls hey, mujhe thodi help chahiye",General,greeting,Greeting/opening message,train
greeting_b033,sun rahe ho ji?,General,greeting,Greeting/opening message,train
greeting_b034,"Hey, ek question hai",General,greeting,Greeting/opening message,train
greeting_b035,"mujhe lagta hai, sun rahe ho, available ho?",General,greeting,Greeting/opening message,train
greeting_b036,"hey, baat karni thi",General,greeting,Greeting/opening message,train
greeting_b037,"pls hello, support",General,greeting,Greeting/opening message,train
greeting_b038,"namaste, mujhe thodi help chahiye?",General,greeting,Greeting/opening message,train
greeting_b039,Hello ji,General,greeting,Greeting/opening message,validation
greeting_b040,"mujhe lagta hai, namaste, ek question hai",General,greeting,Greeting/opening message,train
greeting_b041,"hello, available ho?",General,greeting,Greeting/opening message,train
greeting_b042,"pls namaste, baat karni thi",General,greeting,Greeting/opening message,validation
greeting_b043,"hi, support?",General,greeting,Greeting/opening message,train
greeting_b044,"Good morning, mujhe thodi help chahiye",General,greeting,Greeting/opening message,train
greeting_b045,"mujhe lagta hai, hi ji",General,greeting,Greeting/opening message,validation
greeting_b046,"good morning, ek question hai",General,greeting,Greeting/opening message,test
greeting_b047,"pls hi, available ho?",General,greeting,Greeting/opening message,train
greeting_b048,"good morning, baat karni thi?",General,greeting,Greeting/opening message,validation
greeting_b049,"Hey, support",General,greeting,Greeting/opening message,train
greeting_b050,"mujhe lagta hai, sun rahe ho, mujhe thodi help chahiye",General,greeting,Greeting/opening message,train
greeting_b051,hey ji,General,greeting,Greeting/opening message,train
greeting_b052,"pls sun rahe ho, ek question hai",General,greeting,Greeting/opening message,train
greeting_b053,"hey, available ho??",General,greeting,Greeting/opening message,train
greeting_b054,"Sun rahe ho, baat karni thi",General,greeting,Greeting/opening message,train
greeting_b055,"mujhe lagta hai, namaste, support",General,greeting,Greeting/opening message,train
greeting_b056,"hello, mujhe thodi help chahiye",General,greeting,Greeting/opening message,train
greeting_b057,pls namaste ji,General,greeting,Greeting/opening message,train
greeting_b058,"hello, ek question hai?",General,greeting,Greeting/opening message,train
greeting_b059,"Namaste, available ho?",General,greeting,Greeting/opening message,train
greeting_b060,"mujhe lagta hai, hello, baat karni thi",General,greeting,Greeting/opening message,train
thanks_b001,thank you!,General,thanks,Thank the support person,validation
thanks_b002,"pls help ke liye thanks, issue solve ho gaya",General,thanks,Thank the support person,test
thanks_b003,thank you for the quick help?,General,thanks,Thank the support person,train
thanks_b004,"Help ke liye thanks, really helpful",General,thanks,Thank the support person,validation
thanks_b005,"mujhe lagta hai, thank you, ab sab clear hai",General,thanks,Thank the support person,test
thanks_b006,"help ke liye thanks, appreciate the support",General,thanks,Thank the support person,train
thanks_b007,pls thanks a lot!,General,thanks,Thank the support person,train
thanks_b008,"issue solve karne ke liye thank you, issue solve ho gaya?",General,thanks,Thank the support person,train
thanks_b009,Thanks a lot for the quick help,General,thanks,Thank the support person,train
thanks_b010,"mujhe lagta hai, issue solve karne ke liye thank you, really helpful",General,thanks,Thank the support person,train
thanks_b011,"thanks a lot, ab sab clear hai",General,thanks,Thank the support person,train
thanks_b012,"pls issue solve karne ke liye thank you, appreciate the support",General,thanks,Thank the support person,train
thanks_b013,bahut shukriya!?,General,thanks,Thank the support person,train
thanks_b014,"Appreciate it, issue solve ho gaya",General,thanks,Thank the support person,train
thanks_b015,"mujhe lagta hai, bahut shukriya for the quick help",General,thanks,Thank the support person,train
thanks_b016,"appreciate it, really helpful",General,thanks,Thank the support person,train
thanks_b017,"pls bahut shukriya, ab sab clear hai",General,thanks,Thank the support person,validation
thanks_b018,"appreciate it, appreciate the support?",General,thanks,Thank the support person,train
thanks_b019,Help ke liye thanks!,General,thanks,Thank the support person,train
thanks_b020,"mujhe lagta hai, thank you, issue solve ho gaya",General,thanks,Thank the support person,train
thanks_b021,help ke liye thanks for the quick help,General,thanks,Thank the support person,train
thanks_b022,"pls thank you, really helpful",General,thanks,Thank the support person,train
thanks_b023,"help ke liye thanks, ab sab clear hai?",General,thanks,Thank the support person,train
thanks_b024,"Thank you, appreciate the support",General,thanks,Thank the support person,validation
thanks_b025,"mujhe lagta hai, issue solve karne ke liye thank you!",General,thanks,Thank the support person,test
thanks_b026,"thanks a lot, issue solve ho gaya",General,thanks,Thank the support person,train
thanks_b027,pls issue solve karne ke liye thank you for the quick help,General,thanks,Thank the support person,train
thanks_b028,"thanks a lot, really helpful?",General,thanks,Thank the support person,train
thanks_b029,"Issue solve karne ke liye thank you, ab sab clear hai",General,thanks,Thank the support person,train
thanks_b030,"mujhe lagta hai, thanks a lot, appreciate the support",General,thanks,Thank the support person,train
thanks_b031,appreciate it!,General,thanks,Thank the support person,validation
thanks_b032,"pls bahut shukriya, issue solve ho gaya",General,thanks,Thank the support person,train
thanks_b033,appreciate it for the quick help?,General,thanks,Thank the support person,test
thanks_b034,"Bahut shukriya, really helpful",General,thanks,Thank the support person,test
thanks_b035,"mujhe lagta hai, appreciate it, ab sab clear hai",General,thanks,Thank the support person,test
thanks_b036,"bahut shukriya, appreciate the support",General,thanks,Thank the support person,test
thanks_b037,pls thank you!,General,thanks,Thank the support person,train
thanks_b038,"help ke liye thanks, issue solve ho gaya?",General,thanks,Thank the support person,train
thanks_b039,Thank you for the quick help,General,thanks,Thank the support person,train
thanks_b040,"mujhe lagta hai, help ke liye thanks, really helpful",General,thanks,Thank the support person,train
thanks_b041,"thank you, ab sab clear hai",General,thanks,Thank the support person,validation
thanks_b042,"pls help ke liye thanks, appreciate the support",General,thanks,Thank the support person,train
thanks_b043,thanks a lot!?,General,thanks,Thank the support person,train
thanks_b044,"Issue solve karne ke liye thank you, issue solve ho gaya",General,thanks,Thank the support person,train
thanks_b045,"mujhe lagta hai, thanks a lot for the quick help",General,thanks,Thank the support person,train
thanks_b046,"issue solve karne ke liye thank you, really helpful",General,thanks,Thank the support person,train
thanks_b047,"pls thanks a lot, ab sab clear hai",General,thanks,Thank the support person,train
thanks_b048,"issue solve karne ke liye thank you, appreciate the support?",General,thanks,Thank the support person,train
thanks_b049,Bahut shukriya!,General,thanks,Thank the support person,train
thanks_b050,"mujhe lagta hai, appreciate it, issue solve ho gaya",General,thanks,Thank the support person,train
thanks_b051,bahut shukriya for the quick help,General,thanks,Thank the support person,test
thanks_b052,"pls appreciate it, really helpful",General,thanks,Thank the support person,validation
thanks_b053,"bahut shukriya, ab sab clear hai?",General,thanks,Thank the support person,validation
thanks_b054,"Appreciate it, appreciate the support",General,thanks,Thank the support person,train
thanks_b055,"mujhe lagta hai, help ke liye thanks!",General,thanks,Thank the support person,train
thanks_b056,"thank you, issue solve ho gaya",General,thanks,Thank the support person,train
thanks_b057,pls help ke liye thanks for the quick help,General,thanks,Thank the support person,test
thanks_b058,"thank you, really helpful?",General,thanks,Thank the support person,train
thanks_b059,"Help ke liye thanks, ab sab clear hai",General,thanks,Thank the support person,train
thanks_b060,"mujhe lagta hai, thank you, appreciate the support",General,thanks,Thank the support person,validation
complaint_b001,main complain karna chahta hoon kyunki service bilkul theek nahi hai,General,complaint,Express a general service complaint,train
complaint_b002,pls service ko lekar issue hai: baar baar same problem aa rahi hai,General,complaint,Express a general service complaint,train
complaint_b003,ye experience acceptable nahi hai; service bilkul theek nahi hai?,General,complaint,Express a general service complaint,train
complaint_b004,"Mujhe is service se problem hai, baar baar same problem aa rahi hai",General,complaint,Express a general service complaint,train
complaint_b005,"mujhe lagta hai, support quality se unhappy hoon because service bilkul theek nahi hai",General,complaint,Express a general service complaint,train
complaint_b006,"please complaint register karo, baar baar same problem aa rahi hai",General,complaint,Express a general service complaint,train
complaint_b007,pls main complain karna chahta hoon kyunki bahut kharab experience raha,General,complaint,Express a general service complaint,train
complaint_b008,service ko lekar issue hai: itni poor service kyun hai?,General,complaint,Express a general service complaint,test
complaint_b009,Ye experience acceptable nahi hai; bahut kharab experience raha,General,complaint,Express a general service complaint,train
complaint_b010,"mujhe lagta hai, mujhe is service se problem hai, itni poor service kyun hai",General,complaint,Express a general service complaint,train
complaint_b011,support quality se unhappy hoon because bahut kharab experience raha,General,complaint,Express a general service complaint,train
complaint_b012,"pls please complaint register karo, itni poor service kyun hai",General,complaint,Express a general service complaint,validation
complaint_b013,main complain karna chahta hoon kyunki support se koi solution nahi mila?,General,complaint,Express a general service complaint,train
complaint_b014,Service ko lekar issue hai: is experience se main kaafi unhappy hoon,General,complaint,Express a general service complaint,train
complaint_b015,"mujhe lagta hai, ye experience acceptable nahi hai; support se koi solution nahi mila",General,complaint,Express a general service complaint,train
complaint_b016,"mujhe is service se problem hai, is experience se main kaafi unhappy hoon",General,complaint,Express a general service complaint,train
complaint_b017,pls support quality se unhappy hoon because support se koi solution nahi mila,General,complaint,Express a general service complaint,train
complaint_b018,"please complaint register karo, is experience se main kaafi unhappy hoon?",General,complaint,Express a general service complaint,test
complaint_b019,Main complain karna chahta hoon kyunki baar baar same problem aa rahi hai,General,complaint,Express a general service complaint,train
complaint_b020,"mujhe lagta hai, service ko lekar issue hai: service bilkul theek nahi hai",General,complaint,Express a general service complaint,train
complaint_b021,ye experience acceptable nahi hai; baar baar same problem aa rahi hai,General,complaint,Express a general service complaint,train
complaint_b022,"pls mujhe is service se problem hai, service bilkul theek nahi hai",General,complaint,Express a general service complaint,test
complaint_b023,support quality se unhappy hoon because baar baar same problem aa rahi hai?,General,complaint,Express a general service complaint,train
complaint_b024,"Please complaint register karo, service bilkul theek nahi hai",General,complaint,Express a general service complaint,test
complaint_b025,"mujhe lagta hai, main complain karna chahta hoon kyunki itni poor service kyun hai",General,complaint,Express a general service complaint,validation
complaint_b026,service ko lekar issue hai: bahut kharab experience raha,General,complaint,Express a general service complaint,test
complaint_b027,pls ye experience acceptable nahi hai; itni poor service kyun hai,General,complaint,Express a general service complaint,train
complaint_b028,"mujhe is service se problem hai, bahut kharab experience raha?",General,complaint,Express a general service complaint,test
complaint_b029,Support quality se unhappy hoon because itni poor service kyun hai,General,complaint,Express a general service complaint,validation
complaint_b030,"mujhe lagta hai, please complaint register karo, bahut kharab experience raha",General,complaint,Express a general service complaint,train
complaint_b031,main complain karna chahta hoon kyunki is experience se main kaafi unhappy hoon; bahut kharab experience raha,General,complaint,Express a general service complaint,train
complaint_b032,pls service ko lekar issue hai: support se koi solution nahi mila; service bilkul theek nahi hai,General,complaint,Express a general service complaint,validation
complaint_b033,ye experience acceptable nahi hai; is experience se main kaafi unhappy hoon; is experience se main kaafi unhappy hoon?,General,complaint,Express a general service complaint,train
complaint_b034,"Mujhe is service se problem hai, support se koi solution nahi mila; itni poor service kyun hai",General,complaint,Express a general service complaint,train
complaint_b035,"mujhe lagta hai, support quality se unhappy hoon because is experience se main kaafi unhappy hoon; baar baar same problem aa rahi hai",General,complaint,Express a general service complaint,train
complaint_b036,"please complaint register karo, support se koi solution nahi mila; support se koi solution nahi mila",General,complaint,Express a general service complaint,train
complaint_b037,pls main complain karna chahta hoon kyunki service bilkul theek nahi hai; bahut kharab experience raha,General,complaint,Express a general service complaint,train
complaint_b038,service ko lekar issue hai: baar baar same problem aa rahi hai; service bilkul theek nahi hai?,General,complaint,Express a general service complaint,train
complaint_b039,Ye experience acceptable nahi hai; service bilkul theek nahi hai; is experience se main kaafi unhappy hoon,General,complaint,Express a general service complaint,train
complaint_b040,"mujhe lagta hai, mujhe is service se problem hai, baar baar same problem aa rahi hai; itni poor service kyun hai",General,complaint,Express a general service complaint,train
complaint_b041,support quality se unhappy hoon because service bilkul theek nahi hai; baar baar same problem aa rahi hai,General,complaint,Express a general service complaint,train
complaint_b042,"pls please complaint register karo, baar baar same problem aa rahi hai; support se koi solution nahi mila",General,complaint,Express a general service complaint,test
complaint_b043,main complain karna chahta hoon kyunki bahut kharab experience raha; bahut kharab experience raha?,General,complaint,Express a general service complaint,train
complaint_b044,Service ko lekar issue hai: itni poor service kyun hai; service bilkul theek nahi hai,General,complaint,Express a general service complaint,train
complaint_b045,"mujhe lagta hai, ye experience acceptable nahi hai; bahut kharab experience raha; is experience se main kaafi unhappy hoon",General,complaint,Express a general service complaint,validation
complaint_b046,"mujhe is service se problem hai, itni poor service kyun hai; itni poor service kyun hai",General,complaint,Express a general service complaint,validation
complaint_b047,pls support quality se unhappy hoon because bahut kharab experience raha; baar baar same problem aa rahi hai,General,complaint,Express a general service complaint,train
complaint_b048,"please complaint register karo, itni poor service kyun hai; support se koi solution nahi mila?",General,complaint,Express a general service complaint,validation
complaint_b049,Main complain karna chahta hoon kyunki support se koi solution nahi mila; bahut kharab experience raha,General,complaint,Express a general service complaint,train
complaint_b050,"mujhe lagta hai, service ko lekar issue hai: is experience se main kaafi unhappy hoon; service bilkul theek nahi hai",General,complaint,Express a general service complaint,train
complaint_b051,ye experience acceptable nahi hai; support se koi solution nahi mila; is experience se main kaafi unhappy hoon,General,complaint,Express a general service complaint,train
complaint_b052,"pls mujhe is service se problem hai, is experience se main kaafi unhappy hoon; itni poor service kyun hai",General,complaint,Express a general service complaint,test
complaint_b053,support quality se unhappy hoon because support se koi solution nahi mila; baar baar same problem aa rahi hai?,General,complaint,Express a general service complaint,train
complaint_b054,"Please complaint register karo, is experience se main kaafi unhappy hoon; support se koi solution nahi mila",General,complaint,Express a general service complaint,validation
complaint_b055,"mujhe lagta hai, main complain karna chahta hoon kyunki baar baar same problem aa rahi hai; bahut kharab experience raha",General,complaint,Express a general service complaint,train
complaint_b056,service ko lekar issue hai: service bilkul theek nahi hai; service bilkul theek nahi hai,General,complaint,Express a general service complaint,test
complaint_b057,pls ye experience acceptable nahi hai; baar baar same problem aa rahi hai; is experience se main kaafi unhappy hoon,General,complaint,Express a general service complaint,train
complaint_b058,"mujhe is service se problem hai, service bilkul theek nahi hai; itni poor service kyun hai?",General,complaint,Express a general service complaint,validation
complaint_b059,Support quality se unhappy hoon because baar baar same problem aa rahi hai; baar baar same problem aa rahi hai,General,complaint,Express a general service complaint,train
complaint_b060,"mujhe lagta hai, please complaint register karo, service bilkul theek nahi hai; support se koi solution nahi mila",General,complaint,Express a general service complaint,train
faq_how_to_b001,mujhe batao order kaise place karte hain kaise karte hain,General,faq_how_to,Ask how to perform a general task,train
faq_how_to_b002,pls invoice kahan se download hota hai; iska process kya hai?,General,faq_how_to,Ask how to perform a general task,train
faq_how_to_b003,app mein order kaise place karte hain ka option kahan hai??,General,faq_how_to,Ask how to perform a general task,test
faq_how_to_b004,Please explain karo invoice kahan se download hota hai kaise hoga,General,faq_how_to,Ask how to perform a general task,train
faq_how_to_b005,"mujhe lagta hai, main order kaise place karte hain karna chahta hoon, steps kya hain?",General,faq_how_to,Ask how to perform a general task,test
faq_how_to_b006,invoice kahan se download hota hai ke liye kya karna padega?,General,faq_how_to,Ask how to perform a general task,train
faq_how_to_b007,pls mujhe batao app mein address kaise change karun kaise karte hain,General,faq_how_to,Ask how to perform a general task,train
faq_how_to_b008,notification settings kaise badlun; iska process kya hai??,General,faq_how_to,Ask how to perform a general task,train
faq_how_to_b009,App mein app mein address kaise change karun ka option kahan hai?,General,faq_how_to,Ask how to perform a general task,train
faq_how_to_b010,"mujhe lagta hai, please explain karo notification settings kaise badlun kaise hoga",General,faq_how_to,Ask how to perform a general task,validation
faq_how_to_b011,"main app mein address kaise change karun karna chahta hoon, steps kya hain?",General,faq_how_to,Ask how to perform a general task,train
faq_how_to_b012,pls notification settings kaise badlun ke liye kya karna padega?,General,faq_how_to,Ask how to perform a general task,train
faq_how_to_b013,mujhe batao payment method kaise add karun kaise karte hain?,General,faq_how_to,Ask how to perform a general task,train
faq_how_to_b014,Account delete kaise karte hain; iska process kya hai?,General,faq_how_to,Ask how to perform a general task,train
faq_how_to_b015,"mujhe lagta hai, app mein payment method kaise add karun ka option kahan hai?",General,faq_how_to,Ask how to perform a general task,train
faq_how_to_b016,please explain karo account delete kaise karte hain kaise hoga,General,faq_how_to,Ask how to perform a general task,test
faq_how_to_b017,"pls main payment method kaise add karun karna chahta hoon, steps kya hain?",General,faq_how_to,Ask how to perform a general task,train
faq_how_to_b018,account delete kaise karte hain ke liye kya karna padega??,General,faq_how_to,Ask how to perform a general task,train
faq_how_to_b019,Mujhe batao invoice kahan se download hota hai kaise karte hain,General,faq_how_to,Ask how to perform a general task,train
faq_how_to_b020,"mujhe lagta hai, order kaise place karte hain; iska process kya hai?",General,faq_how_to,Ask how to perform a general task,train
faq_how_to_b021,app mein invoice kahan se download hota hai ka option kahan hai?,General,faq_how_to,Ask how to perform a general task,train
faq_how_to_b022,pls please explain karo order kaise place karte hain kaise hoga,General,faq_how_to,Ask how to perform a general task,train
faq_how_to_b023,"main invoice kahan se download hota hai karna chahta hoon, steps kya hain??",General,faq_how_to,Ask how to perform a general task,train
faq_how_to_b024,Order kaise place karte hain ke liye kya karna padega?,General,faq_how_to,Ask how to perform a general task,test
faq_how_to_b025,"mujhe lagta hai, mujhe batao notification settings kaise badlun kaise karte hain",General,faq_how_to,Ask how to perform a general task,test
faq_how_to_b026,app mein address kaise change karun; iska process kya hai?,General,faq_how_to,Ask how to perform a general task,train
faq_how_to_b027,pls app mein notification settings kaise badlun ka option kahan hai?,General,faq_how_to,Ask how to perform a general task,train
faq_how_to_b028,please explain karo app mein address kaise change karun kaise hoga?,General,faq_how_to,Ask how to perform a general task,train
faq_how_to_b029,"Main notification settings kaise badlun karna chahta hoon, steps kya hain?",General,faq_how_to,Ask how to perform a general task,validation
faq_how_to_b030,"mujhe lagta hai, app mein address kaise change karun ke liye kya karna padega?",General,faq_how_to,Ask how to perform a general task,train
faq_how_to_b031,mujhe batao account delete kaise karte hain; app mein address kaise change karun kaise karte hain,General,faq_how_to,Ask how to perform a general task,train
faq_how_to_b032,pls payment method kaise add karun; order kaise place karte hain; iska process kya hai?,General,faq_how_to,Ask how to perform a general task,train
faq_how_to_b033,app mein account delete kaise karte hain; account delete kaise karte hain ka option kahan hai??,General,faq_how_to,Ask how to perform a general task,train
faq_how_to_b034,Please explain karo payment method kaise add karun; notification settings kaise badlun kaise hoga,General,faq_how_to,Ask how to perform a general task,train
faq_how_to_b035,"mujhe lagta hai, main account delete kaise karte hain; invoice kahan se download hota hai karna chahta hoon, steps kya hain?",General,faq_how_to,Ask how to perform a general task,train
faq_how_to_b036,payment method kaise add karun; payment method kaise add karun ke liye kya karna padega?,General,faq_how_to,Ask how to perform a general task,train
faq_how_to_b037,pls mujhe batao order kaise place karte hain; app mein address kaise change karun kaise karte hain,General,faq_how_to,Ask how to perform a general task,test
faq_how_to_b038,invoice kahan se download hota hai; order kaise place karte hain; iska process kya hai??,General,faq_how_to,Ask how to perform a general task,train
faq_how_to_b039,App mein order kaise place karte hain; account delete kaise karte hain ka option kahan hai?,General,faq_how_to,Ask how to perform a general task,validation
faq_how_to_b040,"mujhe lagta hai, please explain karo invoice kahan se download hota hai; notification settings kaise badlun kaise hoga",General,faq_how_to,Ask how to perform a general task,train
faq_how_to_b041,"main order kaise place karte hain; invoice kahan se download hota hai karna chahta hoon, steps kya hain?",General,faq_how_to,Ask how to perform a general task,train
faq_how_to_b042,pls invoice kahan se download hota hai; payment method kaise add karun ke liye kya karna padega?,General,faq_how_to,Ask how to perform a general task,test
faq_how_to_b043,mujhe batao app mein address kaise change karun; app mein address kaise change karun kaise karte hain?,General,faq_how_to,Ask how to perform a general task,train
faq_how_to_b044,Notification settings kaise badlun; order kaise place karte hain; iska process kya hai?,General,faq_how_to,Ask how to perform a general task,validation
faq_how_to_b045,"mujhe lagta hai, app mein app mein address kaise change karun; account delete kaise karte hain ka option kahan hai?",General,faq_how_to,Ask how to perform a general task,train
faq_how_to_b046,please explain karo notification settings kaise badlun; notification settings kaise badlun kaise hoga,General,faq_how_to,Ask how to perform a general task,train
faq_how_to_b047,"pls main app mein address kaise change karun; invoice kahan se download hota hai karna chahta hoon, steps kya hain?",General,faq_how_to,Ask how to perform a general task,validation
faq_how_to_b048,notification settings kaise badlun; payment method kaise add karun ke liye kya karna padega??,General,faq_how_to,Ask how to perform a general task,validation
faq_how_to_b049,Mujhe batao payment method kaise add karun; app mein address kaise change karun kaise karte hain,General,faq_how_to,Ask how to perform a general task,train
faq_how_to_b050,"mujhe lagta hai, account delete kaise karte hain; order kaise place karte hain; iska process kya hai?",General,faq_how_to,Ask how to perform a general task,test
faq_how_to_b051,app mein payment method kaise add karun; account delete kaise karte hain ka option kahan hai?,General,faq_how_to,Ask how to perform a general task,train
faq_how_to_b052,pls please explain karo account delete kaise karte hain; notification settings kaise badlun kaise hoga,General,faq_how_to,Ask how to perform a general task,train
faq_how_to_b053,"main payment method kaise add karun; invoice kahan se download hota hai karna chahta hoon, steps kya hain??",General,faq_how_to,Ask how to perform a general task,validation
faq_how_to_b054,Account delete kaise karte hain; payment method kaise add karun ke liye kya karna padega?,General,faq_how_to,Ask how to perform a general task,train
faq_how_to_b055,"mujhe lagta hai, mujhe batao invoice kahan se download hota hai; app mein address kaise change karun kaise karte hain",General,faq_how_to,Ask how to perform a general task,validation
faq_how_to_b056,order kaise place karte hain; order kaise place karte hain; iska process kya hai?,General,faq_how_to,Ask how to perform a general task,test
faq_how_to_b057,pls app mein invoice kahan se download hota hai; account delete kaise karte hain ka option kahan hai?,General,faq_how_to,Ask how to perform a general task,train
faq_how_to_b058,please explain karo order kaise place karte hain; notification settings kaise badlun kaise hoga?,General,faq_how_to,Ask how to perform a general task,train
faq_how_to_b059,"Main invoice kahan se download hota hai; invoice kahan se download hota hai karna chahta hoon, steps kya hain?",General,faq_how_to,Ask how to perform a general task,train
faq_how_to_b060,"mujhe lagta hai, order kaise place karte hain; payment method kaise add karun ke liye kya karna padega?",General,faq_how_to,Ask how to perform a general task,validation
